anio,servicio,institucion,eventos,usuarios_unicos,eventos_por_usuario,share_pct,segmento
TOTAL,9b9d3e3ece844158b34a416ddcfd686b,Gobierno Regional de la Región de la Araucanía,21327.0,223.0,95.64,0.0039,Baja cobertura / Alta intensidad
TOTAL,1bb1657eb2eb43808f0529810258aa3b,Defensoría Penal Pública,690304.0,10286.0,67.11,0.1267,Alta cobertura / Alta intensidad
TOTAL,15fd49e7f00a4e7290700469cea0cfad,Secretaría de Gobierno Digital,1271.0,20.0,63.55,0.0002,Baja cobertura / Alta intensidad
TOTAL,56da1c80cfea4a5b83326bfef271fc3e,Ministerio Público,290003.0,4930.0,58.82,0.0532,Baja cobertura / Alta intensidad
TOTAL,abd6ab0229c643338812eb3a1707c053,Gobierno Regional de la Región de Antofagasta,33076.0,570.0,58.03,0.0061,Baja cobertura / Alta intensidad
TOTAL,16ffe077cc1a4b11a19bea91abce6f9c,Subsecretaría de Justicia,212694.0,3826.0,55.59,0.039,Baja cobertura / Alta intensidad
TOTAL,c540003954c9411cbcf7836bdce30311,Ministerio Secretaría General de Gobierno,10619.0,202.0,52.57,0.0019,Baja cobertura / Alta intensidad
TOTAL,a3c2ead0fc68405f90176c9920439001,Municipalidad de Taltal,10884.0,208.0,52.33,0.002,Baja cobertura / Alta intensidad
TOTAL,e1669d0517f14a979d9a93159b4906b0,Presidencia de la República,98072.0,1875.0,52.31,0.018,Baja cobertura / Alta intensidad
TOTAL,f72815499f1b4b018cd1792d91e81249,Municipalidad de Recoleta,8287.0,160.0,51.79,0.0015,Baja cobertura / Alta intensidad
TOTAL,b03b7030f1014eb2bbc31b681f8ae2d7,Instituto Nacional de la Juventud,15767.0,314.0,50.21,0.0029,Baja cobertura / Alta intensidad
TOTAL,3d53606b24144d12b360d33834a62638,Gobierno Regional de la Región de Aysén del General Carlos Ibáñez del Campo,1549.0,31.0,49.97,0.0003,Baja cobertura / Alta intensidad
TOTAL,295b6153828349ea914a9cda6020bafa,Municipalidad de Licantén,6468.0,131.0,49.37,0.0012,Baja cobertura / Alta intensidad
TOTAL,3009f6f4befb498fbed7dbf1b189f47c,Comision Nacional de Riego,161599.0,3291.0,49.1,0.0297,Baja cobertura / Alta intensidad
TOTAL,07952a562f22499fa4ff126fbcbe1156,Municipalidad de Diego de Almagro,3205.0,68.0,47.13,0.0006,Baja cobertura / Alta intensidad
TOTAL,463f33b89c2c4f13aa89f8f5d5096d6a,Municipalidad de Vallenar,48596.0,1083.0,44.87,0.0089,Baja cobertura / Alta intensidad
TOTAL,7d0c4697a4f849e38021ccb192e0b4a7,Subsecretaría de Evaluación Social,237911.0,5583.0,42.61,0.0437,Baja cobertura / Alta intensidad
TOTAL,ae412e532f1a48428bd0c5ad1f02f816,Subsecretaría de Transportes,142544.0,3380.0,42.17,0.0262,Baja cobertura / Alta intensidad
TOTAL,32ecc042ab1941e5b76b647607defb8a,Municipalidad de Santiago,9089.0,218.0,41.69,0.0017,Baja cobertura / Alta intensidad
TOTAL,bc82f932b75d45728359269b4c43409d,Gobierno Regional de la Región de Valparaíso,10703.0,257.0,41.65,0.002,Baja cobertura / Alta intensidad
TOTAL,a294f813367246da949865bdf8b03f7d,Subsecretaría de Transportes,49976.0,1205.0,41.47,0.0092,Baja cobertura / Alta intensidad
TOTAL,fce4a97cb2b9492db8d2203e3f9610f9,Cámara de Diputados de Chile,4306.0,106.0,40.62,0.0008,Baja cobertura / Alta intensidad
TOTAL,c7898e94d376496db2a6d220f486db47,Subsecretaría de Bienes Nacionales,62305.0,1554.0,40.09,0.0114,Baja cobertura / Alta intensidad
TOTAL,8ba6d7f9bb7445ff96ffd06af5fa8c1e,Servicio de Salud Atacama,9654.0,244.0,39.57,0.0018,Baja cobertura / Alta intensidad
TOTAL,d78965c7cc7241de9494df4348e86691,Servicio de Salud Metropolitano Sur,18586.0,482.0,38.56,0.0034,Baja cobertura / Alta intensidad
TOTAL,eae6a8d122774db4ba88162a875db6a6,Subsecretaría de Salud Pública,635127.0,16527.0,38.43,0.1166,Alta cobertura / Alta intensidad
TOTAL,ed07316d9d6344a9ab11e8a41fdc413a,Subsecretaría de Transportes,130902.0,3527.0,37.11,0.024,Baja cobertura / Alta intensidad
TOTAL,6537800c945f483e9472bbabc2f6b37f,Subsecretaría General de la Presidencia,472.0,13.0,36.31,0.0001,Baja cobertura / Alta intensidad
TOTAL,f6aab18a7d0947f08867efae57e7d5b4,Dirección de Previsión de Carabineros de Chile,12484.0,362.0,34.49,0.0023,Baja cobertura / Alta intensidad
TOTAL,01b56ab5b9be43e19fa06300994787ec,Ministerio Público,2758142.0,81391.0,33.89,0.5063,Alta cobertura / Alta intensidad
TOTAL,b972e814004e4624a566f308901cca7c,Subsecretaría General de la Presidencia de la República,2900286.0,87073.0,33.31,0.5324,Alta cobertura / Alta intensidad
TOTAL,6a2f8daaddf24ff784c6b26f1ba5abe7,Municipalidad de Torres del Paine,1454.0,44.0,33.05,0.0003,Baja cobertura / Alta intensidad
TOTAL,0de1d45e2c4b467b990d180955a743bf,Academia Politecnica Naval,1761.0,54.0,32.61,0.0003,Baja cobertura / Alta intensidad
TOTAL,d69a36460b0c4bee9cdc5fd2f58e6a0e,Servicio de Salud Maule,28595.0,890.0,32.13,0.0052,Baja cobertura / Alta intensidad
TOTAL,6f7b8ef5a7204c4b92d0ca778317d790,Servicio Nacional de Protección Especializada a la Niñez y Adolescencia,103548.0,3279.0,31.58,0.019,Baja cobertura / Alta intensidad
TOTAL,8c2eff865c5f40dbae0d6ccbc47e1d9c,DIRECCION DEL TRABAJO,102054.0,3237.0,31.53,0.0187,Baja cobertura / Alta intensidad
TOTAL,67339e06f4b44f78994ff4785178807a,Dirección de Compras y Contratación Pública,21302820.0,683109.0,31.19,3.9107,Alta cobertura / Alta intensidad
TOTAL,fcba6a53824845da9d6330719f43a430,Gobierno Regional de la Región de Los Lagos,9227.0,300.0,30.76,0.0017,Baja cobertura / Alta intensidad
TOTAL,33fd4a228dca48da93f5fceecf793cf3,Instituto Nacional de la Juventud,7766.0,259.0,29.98,0.0014,Baja cobertura / Alta intensidad
TOTAL,7fb306ac5a6d4bbcb720e1de16336508,Superintendencia de Servicios Sanitarios,7039.0,236.0,29.83,0.0013,Baja cobertura / Alta intensidad
TOTAL,60e6aea28c294af4822614682c0a316b,Subsecretaría de Economía y Empresas de Menor Tamaño,2637.0,89.0,29.63,0.0005,Baja cobertura / Alta intensidad
TOTAL,3346db58cd2d474fbcf63e827462b85d,Subsecretaría de Evaluación Social,752804.0,25544.0,29.47,0.1382,Alta cobertura / Alta intensidad
TOTAL,1e801411cdbd40aa92ad0dfc09000f69,Municipalidad de Navidad,8132.0,280.0,29.04,0.0015,Baja cobertura / Alta intensidad
TOTAL,34651a63c87e40abbe10694acce5edc5,Senado,5275.0,183.0,28.83,0.001,Baja cobertura / Alta intensidad
TOTAL,88d08ee1a5384a7fbe4bfddb8928ce82,Subsecretaría de Salud Pública,2005503.0,72275.0,27.75,0.3682,Alta cobertura / Alta intensidad
TOTAL,9c9359fefd164d388f8a5edc2bac301e,Contraloría General de la República,1507615.0,55159.0,27.33,0.2768,Alta cobertura / Alta intensidad
TOTAL,f41a2237ddab4181b63b4901e308a21c,Gobierno Regional de la Región de Aysén del General Carlos Ibáñez del Campo,1175.0,43.0,27.33,0.0002,Baja cobertura / Alta intensidad
TOTAL,d901924d294640abb47dd412154610c7,Municipalidad de Coihueco,9650.0,354.0,27.26,0.0018,Baja cobertura / Alta intensidad
TOTAL,9b8e5105e75b4d77a3e416729122b83a,Municipalidad de Coyhaique,29477.0,1097.0,26.87,0.0054,Baja cobertura / Alta intensidad
TOTAL,1c6f1fdb9e7544aaac5f4daf9243ca1e,Municipalidad de Recoleta,54945.0,2075.0,26.48,0.0101,Baja cobertura / Alta intensidad
TOTAL,bf676d9b342d438d8bd0b02c718133af,Subsecretaría de Obras Públicas,250387.0,9538.0,26.25,0.046,Baja cobertura / Alta intensidad
TOTAL,374a9a2f750b45b0b6fcb95978f22039,Gobierno Regional de la Región de Los Lagos,7295.0,283.0,25.78,0.0013,Baja cobertura / Alta intensidad
TOTAL,70c26dae53774888aa5bdccfcf6aa387,Subsecretaría General de Gobierno,7488.0,301.0,24.88,0.0014,Baja cobertura / Alta intensidad
TOTAL,9f5eb34dc330412990d7da2fd1db9e64,,19124.0,795.0,24.06,0.0035,Baja cobertura / Alta intensidad
TOTAL,42fe5e61820647849d3cda4c6141b8d7,Subsecretaría de Redes Asistenciales,27755.0,1160.0,23.93,0.0051,Baja cobertura / Alta intensidad
TOTAL,b3eb39eeec084dcd92806f5f6081e175,Municipalidad de Melipilla,8427.0,370.0,22.78,0.0015,Baja cobertura / Alta intensidad
TOTAL,95b7bf6083634811b6ec1552e2ed5fad,Subsecretaría de Redes Asistenciales,465558.0,20662.0,22.53,0.0855,Alta cobertura / Alta intensidad
TOTAL,7334f42ed0d340a889f62fce2da4d7b4,Subsecretaría de Previsión Social,1297.0,59.0,21.98,0.0002,Baja cobertura / Alta intensidad
TOTAL,27557c13181d45f296b31b69e6ee312a,Servicio de Salud Tarapacá,15730.0,733.0,21.46,0.0029,Baja cobertura / Alta intensidad
TOTAL,0335e32e61b248ae8ab98cb955f915dd,Central de Abastecimiento del Sistema Nacional de Servicios de Salud,425357.0,20047.0,21.22,0.0781,Alta cobertura / Alta intensidad
TOTAL,dab6b8ce23604fa7b9ace2c2121d943e,Ministerio Secretaría General de Gobierno,30368.0,1456.0,20.86,0.0056,Baja cobertura / Alta intensidad
TOTAL,cfa90dba533f41d6821aaecccdb0bfa3,Subsecretaría de Salud Pública,24900.0,1225.0,20.33,0.0046,Baja cobertura / Alta intensidad
TOTAL,93742865f52a4caca1e7008be1c3d9b8,Subsecretaría de Energía,4506.0,223.0,20.21,0.0008,Baja cobertura / Alta intensidad
