servicio,eventos
d602a0071f3f4db8b37a87cffd89bf23,57453260
123,41343248
2549b51828ce40af920a932dd2102217,33113484
e8dde9d26979498786c6ba5a82f70ad3,28122590
495c261c0f484bd08e232f7358452c4d,21614454
672f76fa24044d36b28fd11b50d7a4ec,21478518
67339e06f4b44f78994ff4785178807a,21302820
67eb30db49f240b08ab2b3f422f92cdf,21205476
ffaec74bfd414f8394bab077a989e27f,19015669
209ce526160947f0b398566cd4cbfd0d,17562537
b4206ac5e3224dfd900588a8f7caf95e,16781163
4a94478dd25f4430a0a023b87e11170d,16326087
ae4caa1cb2154cac89440f3fe18251cb,12343204
9a76efc4c34e4bd7843206658dc45454,12221700
c82f84bf3f2b451393445a0cb6883665,9978092
79bvfghg9a0a8tm25d16sddg7d61d4710,6263056
f883bd6d70b043a09837e8b888fe3f65,5991128
eaf8f2b0ccd04cf2a7bfcf357fe88ca2,5828129
dd7629fec91f4599b3cf8c0dd0b984ac,5772492
dc8bcd185ce744798ceb1d9370f31bbc,5447485
9b4850c676834809858e3bcee027a27f,5355801
51e1587ac2364f19bb4a9344841af223,5353837
c5b83bbfa22c4c31a5743485b4c6e524,4873033
347178b052294153af290d6a84589868,4102021
91f3f86897ff4ae39e50cbd7035fa8af,3975363
64d9be8046574fbfbc1fb14c9912afea,3911757
08165f6182bc4dfc9dc1d7774508bbc6,3627520
86144f0d3b814c1d8c013f7aade6c55d,3620496
66a493258641428ea9797fbe33fc8b27,3455433
1ad6835586034de0b29f4a402b182c6c,3100117
38b3f29fe39b4e87b5f7982165de8cf1,3088550
b972e814004e4624a566f308901cca7c,2900286
dd02dca897074e77972f506652629762,2832043
01b56ab5b9be43e19fa06300994787ec,2758142
ae54454684154c25bd33c6e04609652b,2740312
8af63e063a2a42098caed55eeb24acf0,2532781
fb3957569a8d49528c3571bcb4703f55,2426445
0f33ab6447034fe49d1629353a119e47,2356375
74e60dc3bc26493d81088e4d322b7c39,2244868
ef1dd1f1a5b94d0eacb669f7b3ec2911,2166168
ee00832abfba40b38335ce48a12981b5,2086531
88d08ee1a5384a7fbe4bfddb8928ce82,2005503
2ff516ac74a44ebfa3a522adbde28a0f,2002895
3af2d18b09e6443fa289e956fc10669f,1883994
fe6cad21b5414356a6da4927029f942a,1760017
31050e1a1dcb4c9899ba77be32449e54,1663682
6daae6995cb245348bb2b5432ccc9948,1652005
d74a389b77734996ba37fa61a0d08341,1623608
0a750e36725e495ba32bd43a5f170724,1542539
9c9359fefd164d388f8a5edc2bac301e,1507615
52449c34bb1e47fe81802bf322dae8ee,1483661
94d27864f86d422faa68efccb908cc34,1475053
a2e46ce2ee1e4150954d6c6864c54578,1466957
2badb2213b864c8ca35187359570cf0c,1416854
8be8c6cea95d4e28a90558288d8f262b,1351621
2568c649c62d46af960451f6284203d2,1336181
a7709b21161d459298dc5dc58e77310b,1326231
0b145fb41bc84dc58a5beb5b4ef11b17,1317159
1e89b0b11b0e417bbd199a3aac7717ee,1312458
dcd0b6134a8846c1ac7171f8530945ab,1219569
6a91c10b9e8341afbd387fb72bab3cf7,1186595
dc821110e3f34bf3984d61955ced2e69,1134470
742521491f624a78a2b81aaf331eca4c,1082523
14cc5dc0682d44fe99d2d91e1eaafac7,1042480
ab2dd6e0890c4b5483973add6fa1b91b,1034472
b1b009877e0c4e0790fd92559d853d69,1019508
fdd7e5cf453e42d7b8cb2334d3a7bff9,1009983
c53530ec6ae845db978d8fb2de69e179,989266
ed6beff4035f49c6997be95df71e5544,981252
6e12533e73a048efa8bcc0a30f2b7684,939783
4060f34dc33042fda53efdfd0594b679,926574
cb9e2b9dd1cd44c5b7d4fdcfbbf3f5e0,912028
cc892c05f6d94315be2b7539e45b9170,903415
d254feea701346a399887b9fe59ac61a,871256
6d52b87b5a964c61ad7e28afd9499f18,859065
fb944d98fea445bda57de000993d3e25,806740
60b69c5d160f4b1c90e79d8290b904c1,806607
894c246eb00a482da371617f75149e30,774981
3346db58cd2d474fbcf63e827462b85d,752804
02f0f8beb94542deac503efd6a774262,745080
239b1152a21a4cebb35b2a9dc02b10a9,702408
1bb1657eb2eb43808f0529810258aa3b,690304
e9b4ca99b7054bc986bb0a057cf4e2e5,675587
2ae2ca1a377048a58815f54a432f8a21,649821
a6c839544c0440f5bf2ce98e7396613f,638876
eae6a8d122774db4ba88162a875db6a6,635127
6743ad379b094f98ad903d0f0304add1,632655
3d6941a46f8b4441973872f1f209bdec,619559
1eec93924a1046efbad70c851782ab8a,614299
0de46482bc4d409c86f652534e4b47eb,613051
edd67e7adef0443982c72ffc4d55ca4a,612408
8394b3beb22f419ca01c64dc31db11p1,609955
a8d1ad79c34d4bad8196c8278e8fa73f,609013
b15e46acff6b4a7487ad18cdac3a21d0,573625
b31017b848694be1b92f15c6dad1ca2c,571300
8c1942e0cdce4f71b53f62474322f0b7,568514
3d639e0a581e4afbbc3976eed669f5c6,562522
7f2c2c35a2de4624ad938147f73f271a,559011
4f22549f9d3a443cb041c0e55395dbf1,556914
bad2f211e95f4cb6b1c71e2984464f45,547245
7249a9adb1c343aba8db068dbe0c3795,492991
d0b1e3a4c2434e65be47566dcc3e2ee0,489858
fd595f24910c4126b7398b3e081af528,483419
32f2a35e790544ec9e040345f8a364f3,468721
95b7bf6083634811b6ec1552e2ed5fad,465558
c52ceac3693c4644bb20f07dd8aa7103,464077
5aa1a66c9e844e18a4a41740ed4aa476,462035
0335e32e61b248ae8ab98cb955f915dd,425357
9ae54d261e454c93ae1c2cdec0fd03e6,402958
c13d78fe65b94d05ad83b59494767b9f,402363
0faae9b6b5084555a1873eff484b4d9c,397125
5492b6e4db6948aca469c21d05b18721,391696
a4db025d032f42578306d5461abdda40,387360
5235b9f356954973a226cb6fc12c9d6e,364785
fe1194092c934e70b824f3014a2f020d,363959
387ff07354a74657a44369e05d83234a,363388
dfd423dde87b47d382b736a15a36ac68,361056
9de3d28661c84c6a92f3749320e52473,360782
638aea308ffb483198d5c1387e2cc017,350192
4830b97416a14d1485ccb85c9f9baa4e,340178
3e2a4d42827d43d0b90248199e58e98e,337406
9f3c39663dac4e6791811016adc217da,327986
399e7fc266894562850261cfbc06b992,307417
70fd978d824c4fdc909e815f04cbb466,302308
dbc3de69546243e48121124f1033cff8,290814
56da1c80cfea4a5b83326bfef271fc3e,290003
ddf47b043bc04fa0bd7d61b8af3f9b2c,285762
9f88dc88029e42d3a5b082ab396be6d3,285207
be4240b37c354311af26b2846acba9c7,273351
b6a7ac98c6704aa6b6512efa5fa8dbfe,266668
62a5285108824e269a3fa09e9c233440,262869
eb6b584fde4141aea5dafddee3e7ad4e,262154
e10304f95c2b40738695563eb9b8662c,261454
2a4a00c47ac6468395984ee10ebc8dc3,260148
41da80f6154c4d918166fc43862f5d78,258693
558b533275bd41bca3094acb6a85113a,251624
bf676d9b342d438d8bd0b02c718133af,250387
6a322ad743e3464bae56d2d9b180078a,248475
86480a9f563349b1a2974d9f43548e59,242317
4bb573e349504824b5b5a050a83e094d,241719
b7c988fa6132435480b57f66696827fd,239653
40fc9588a8e04b28852ec1163528bb8a,239020
7d0c4697a4f849e38021ccb192e0b4a7,237911
ea3b3bbfa0bd4b99ae4fd1176a22d13c,234499
c599d10f1d6a441b9a1a297073d5bd31,234064
5f686fded1294c02a7a5c3298f2eec5b,229272
818d938a32ad4dc19cfd13f6575ddc5a,226661
2e0f9d54f6534336a19fffacd7b6af40,226476
64b50202d6b74bfcb78c7342823e0f4f,226140
2c12290764aa4f67ba25e9cf801bd06c,222266
b3b9221510904977b1c9f12ea7108119,219974
68b13a1228424526b43e2f78716efd3b,216830
834cf291d50b4e3299f82dfeba3c998e,214508
16ffe077cc1a4b11a19bea91abce6f9c,212694
4a9c2f22f9d047569a0ceafcb9741033,210871
285f4ab87d9a4484a4e8fa6e7db43fe6,208572
f31ed616d84449edb5fdd8cd332552b2,208541
73a70ddc48e349d988860ae685eaa133,208512
20acab350ddf489c931028b7a6a1ff99,205020
f44bedcfbdb64a818e717b872a002abd,204606
705b78c3d59c4e1bbeaec3123c0f6de2,202080
e423b8339a57485d8b524937d93e4f44,197600
68244c73eb7a429a9c70a3dbf247293f,197249
ce833d51dcb649b7a1fbba15d138a4a5,193486
18bec3e707784a978d9d89f2967f87de,191785
be09a0ddbb9b4c4aaf78903e0ca27a75,186277
5af89d91c7c74476ad4546b1db07c56c,178927
a647689891b84948871ff7099253a553,175081
4461c788433345b8a4a296b35aa9499d,171265
64e1a053d6f44ff89eae1e4c321a6392,169469
75f9d382b18d402fae4a2061eb768169,168847
fb74231009884254b2d13b0fd9056247,165964
f6aa209f0860477380c878df96de1c84,165296
3a631284571347bf8acba49209e63034,162762
478deb22cecd489eb3ed2dcc954a975b,162681
c2f8201a4d224d81babdcea072e5cec4,161660
3009f6f4befb498fbed7dbf1b189f47c,161599
cd40ad229df147389504190c71de61f5,158827
f2eaffaf45b84b9c8e39cc303a97e9d7,152861
5af95b4c9eec408dad00e7b5a2a16b92,149339
ee1016d1de3347b79368186e86dfc2c2,144912
e7c03dd9e5044ca7a0945b6bbe4be826,143311
ae412e532f1a48428bd0c5ad1f02f816,142544
eb838855f2344f65a4c925df80cdcad5,139842
a7925c7ee6674a30ae9f3f4045785095,139540
f5d8ddb9e3924b09901a9ce38dddc362,134249
c63d7e67e1f8454386089193582563ea,134116
ed07316d9d6344a9ab11e8a41fdc413a,130902
e22c65a41fbf4ff689d49576ff976483,129466
15a67718e1784a67bc978ca0dc6bc2df,129249
74ed652f9a9242c590651fe4cff0d492,129218
c150a834cbcc40d09aeed2f8703f4dd3,128681
ad571b40258e4862b37b31fbbe2d8ab5,125959
067325b206034a09a16597b6c55d26a8,124068
c765193a11274b73b1ffa97efd6fbc3b,123187
585115d181ea4a77bf361f06a32100ea,121257
4ef0ced873174ee9afc306e414132c72,121161
f2ad242297b04a5ea53ed2df4e5d71b4,120090
34acd5e31fc14060a1a96777113872bd,120001
b34fe8a89b9a43189ec5be764c3b695c,118429
fba5ab8c38d3426492c31c99ad569bdb,117490
2ad4912955564809a967e35f45df29fc,116790
b785d3ec935248ff8a8fd358f7765463,116531
bca102f277434b31b59e4894d9eb5ef8,115904
e9793e137f8c4928980c8de4aeb9e473,115764
b2ace35bc76642f495f04addfca9e3aa,115264
c2e3edc90e0542d7bd3cfece63a890e5,114860
d44f2fafe10b4397ac7557cd13747bd2,112087
a77e76b1e0eb4cc3ae3a1df547fbf4cb,111020
4234d86a351e4a7e9ea293e33836ae45,108893
c7d9f088b4be4e38924fcfa78a6b5496,108313
6f7b8ef5a7204c4b92d0ca778317d790,103548
856e64720e4f47afa86454cee150efd5,103071
8c2eff865c5f40dbae0d6ccbc47e1d9c,102054
a4b6a99bdf274e679d55747b64987bc5,101374
e5b8388e1275417395d526c566b0e1e8,100305
26ce850e25c04398a2da12f4478e7597,99617
d6d4327ae40445518a3c8a6e62137cd6,99341
e1669d0517f14a979d9a93159b4906b0,98072
ac7a1bf135744666be846c5bffff7cc8,96572
888fb026b62d4a75920fe44a0af43ad4,94722
3752375735a74ae09881a820a0b7d394,93528
f96bf82e56594a91b22b01e54f9608ed,92756
4bea51c8732a4b6d84a0f98b123d07c7,90515
be46b88bd9c44871b3069ca77e9263c4,87795
025eebbc74ba4738b90c87e459ea29de,85138
e9c87bd5f69f4f86afe073f6e04f7d5b,85035
e6bf7c58bb194e02a900c24c8f3d7c5a,84985
ea62071feb644e4e81394dfa5c500ff3,83600
8c4b94e7835b495e90eeca57d62cd1ff,83327
a3d2f5bccc104cf6bdd3817c86236b0e,82894
ac8fac68f21540539f02e8fd2a44f651,82109
0e11736fc9c24dbea92c4f3a6453a160,80339
465d39a118f84dcca1751c69cccc4f3f,80242
d766af3638194588bfaa68f745e5b24a,79791
081c2c9f062a4293ae6d23a5b30e7c3e,76843
449a0da4315e43c288dbc988ed92c7e5,76675
a7a98dfdf4dd4a8fa248cae682395965,74821
a442d9a9874341e5bb5798efe5c4b5bd,74334
117d6d62a9844fd38fdb5d53e5cbc844,72370
cce309a83d0f482a829a610f1695bfee,71785
9fd20d626db942aeb4d84f9c475d3bea,70996
645a4f092abd49f0820b8a5507e3dea0,69791
d8420be9114342368d9bc32882809746,69680
0a0b41b45e2143ad8d97436f8561b1ca,69389
9c503a3a614d483f8feb0de5edd9a9ba,69116
24483936f5c8410da7be5e32f0b102ef,69097
78b147a9c73f4d6d8f6d1e0f0b082556,67230
80d8324451a74ae887a93c2bee8b5d3d,67069
55c1817c84554dc881bc439a4b00abed,66544
be7886a9f72d472e8ef4f671a7526a1d,65759
44568175e9ff4fdcb98cd4e9d368ce11,65510
0f532ac1f05244948659dc3ba050d6cb,65008
c39e8d94c06848008c0f7db6d3708af9,64824
c7898e94d376496db2a6d220f486db47,62305
9321fceaab9d4b7c8b8eca8e30b0654d,61463
1ac9ef8b638c49d5a4eafceb1d6123b7,59369
671dca542e094f3d90cb15883bd89274,59156
61ac1fc1e3c848728e8b665f185e2355,59135
625c85747d2c430d8b68c06d2cab9566,57916
a6c534b36789447fbed6b8d4f60d3d1a,55142
1c6f1fdb9e7544aaac5f4daf9243ca1e,54945
500e21ae250c48c8b42452929d53ef90,54578
0fee9ea463cb4ae5b1f27bdf560dfbfe,54022
a1e58402627c49db99c9d1153686272c,53999
de90d8af20f547aaa9b3300c76251188,53941
0062dc8c31ca4560b766f7063181eaab,53684
fdf0c4b762684098915b4fa4884af400,53327
17bc6bcbbeab4a1c9dfb8733bb2d3bf3,53196
1740ec3c032b413ab6e25807d399b71e,52098
942d80695ebe4218af105e03e6622f49,52001
061230af8491491e8777333096d1d6de,51534
6bcf44d8a73c473cb78f0cb92508a232,51059
449f058c212e48fd816264e10ee2d594,50492
b379e2d74fbd4c56bb80f5d3c3e74322,50328
75beb592846a4eb3a6859376d1e1063b,50247
21411e9ba57846ee958313d9f2f81177,50084
b9e3f79c40594953af24e9a43eba4e0c,49989
a294f813367246da949865bdf8b03f7d,49976
048ab3a7acb54da88960434d9783879f,49306
d132edfeac8c4b9f8fb26216b2109344,48952
463f33b89c2c4f13aa89f8f5d5096d6a,48596
ae5cbc3811f145059eb8c1eaa0209154,48512
8b6597a56ec4424ca8d71fdfd2827ff9,48327
c722753dc30d4955bf86bcc13c25d536,48186
71ae9a1dcafa49fcb067a62563085b06,48141
b992e6a27eb249658efce6ca0cc286dc,47650
fdda06ec9a5b4f3aa2ac01e1778e074b,47642
4f4d89fa8ce34da19ecb340c1d267a3e,47522
ae09dafa2f8e427ba37c7a8afef6d154,47459
d5dac98442bb425ba884809990aa064d,47303
ea2c0eb89a304770aa1c5a8c73d6e19c,44822
527213d7d4294edebe57db0d54f838f8,44573
309b72a99d154079a6ab5d23444fd7dd,44107
80a85cdf159a4ceea99c4025d1c03962,42861
d9d5abd8143543189c1befef73999834,42661
a96e622271484df9b5df5d32e8d67c67,41822
02503f327e89404185f0c2b9ecccea66,41526
b8386b6963a4492db355f0f70be3a3e2,38845
f4f6e172b91843488456669f0e0dcc70,38033
c68583c7f0f3400fbc57c639a37ab30c,37794
dd53a3b5cb47459482a47afc5202b516,37363
f15bd4421f604ffbae3d627bef601546,37111
5e2119b5bbf846caaae1a57549740519,36455
75307209043c4f8ea213f03c65e2023c,36257
a49e87f91f154bb2acaa6207553eff38,35940
03bd6e11bc9246339a1812eb74331dd6,35621
8ccf6c97b6eb4670bafec186fbe64f85,35247
6d252a9b7f244a0180f6c2a1ff39d2fe,33317
abd6ab0229c643338812eb3a1707c053,33076
f25d86b606d74e51b1d33695030d0618,32753
006b85a984e94ce88ddb035ec01b2d70,32580
430f7e4799cf4b2581c70a60115bbbed,32508
9a8b89a81b6a4af6a344229958ea3cdf,32142
16b1032179824088a8d42a4107c6a8f4,31399
f9894051ee6e40ad91d0cd53b2a8efc0,31217
781903276b2548499891c4c91c5d278b,30808
dab6b8ce23604fa7b9ace2c2121d943e,30368
053d749777c146699293b866ad8dcf25,30361
79f61b8fe2f944999b3fca52a0e96ac9,29820
c7859ad3aef147d59939533663e482f7,29769
c567f19e4b0b409491faa28b331bf1d3,29760
edd15599b8d64e4585d58f953a6bd354,29707
9b8e5105e75b4d77a3e416729122b83a,29477
13ca4adfb0904ccc93ceb07584706346,29297
d69a36460b0c4bee9cdc5fd2f58e6a0e,28595
42fe5e61820647849d3cda4c6141b8d7,27755
21da73257dca4eb5bc4ba33b435c386b,27643
014d8893e412439c9749d0638f97d91c,27448
2629fabfb8e7428bb34e3d4f43ffdc9b,26976
e9d3577612dd49c3b62b654e33dccefb,26649
0dfdb4894c0e486faae2751590db44b8,26594
5ad019e5f0e445e8b37fc4ed60a3447c,26355
c91e6fe86b214cba844a5b657d9fe887,26291
c41ab43393dc4726a332cda4062bd83e,26100
97c4ca6968044bd0b8b151e7d41ef060,25650
2a1ad7012aa3426ab2592dd06689329b,25597
a1db7756e2d14a76baa79847773162a6,25494
3b57187382464f32918291f6e16004c6,25267
9ae1d5e3444849079c80e1c1301ab45f,25122
cfa90dba533f41d6821aaecccdb0bfa3,24900
cecfb3fb24f84dcd98c0601b70677adf,24759
29c30f56f89e411091836b8d999123ea,24571
d9cb616562904aa29dc667c21534d2e0,24149
fd3219c7cb5545d4bb6dbdd651ce8f80,24026
20437495fd8f4aba8625c73cde450968,24025
6a2251c68dba48659c46874d209b6c8a,23963
05877e8556fa4c0ca458d131265ffd99,23960
162c7417de9b4554bcc6be93e006b7a1,23623
b125b71f0bca4b1a8bf41976b744becb,23392
56e402379e664e8e960b328f5ad9c21f,23184
d16fad3dcdb14d69b5d82776d09bb796,22567
9d0efa19edce400c900554f15da520b0,22338
780fb7c030e043f7bd9f40ca4ab06bd4,22312
e1ce4963b14f4377a473c48630795a8c,22045
988c06d4f97e4191bf7a7bc0d76bed25,21880
e1a6055d78bf444e905bb069bae9b363,21748
361255d70c09499891fecebec813f51a,21630
9b9d3e3ece844158b34a416ddcfd686b,21327
cd28f604c0b947398b97af66908be0b6,21142
1c24539585eb4580bdffbf9765bd344c,21052
91495aa8ded34aa793b84c80358e1f2d,21045
1eab1f316fa94a29bceec6dc6d84f0bd,21037
b70997d473d344fca18eaef75018a665,20921
3322cab8a5164377ad7d8958407c68f7,20421
a53d759fed7840a1b00e8d903669e8a1,20395
485565d518084d1db47ab1852149bf21,20342
44db06efed134a91bffa7407f60d7979,20287
f83678e2b4854792a356c72a255c0da4,20277
b87ec093abc248c3b26611916c50d5a8,20240
35775a888bd84888a77eb42494d8e10c,20239
fa2253c4c2274ef49d59c93e747deaa0,20187
9899614f0851477e80bbe21a9a30dd63,20000
59dd121f53ac44ddb03bf52488eec671,19640
64b1afe9206b4eb885878aafb4be1dae,19539
d5467ebcfbbe45c3812623d33e609d18,19446
9f5eb34dc330412990d7da2fd1db9e64,19124
a7698f4e2c9b4b9a950658038cbe6b9f,19036
326e27c196be4490822e785c1dba53d8,19033
d78965c7cc7241de9494df4348e86691,18586
b604d9c8d263477ba41af4264639c206,18495
3f4344ca761e46d7ad97528d511e5566,18368
30cee14d90f44924bfc69147c5f8b08f,18074
165139dad00243e695f7f3a695563ae2,17862
b74e28e7c654439596ff3138dd422759,17677
2b2dde6e75264744b964aa4057ab39ac,17600
7334b50fca124ff4a9a68bcb86eb3582,17599
daa56f929b2c4c61a04a016533364752,17561
c5f58b408cee4b0ebf0cec74532175e1,17520
035b14f7f84242ef8ca0e78b0352777d,17227
68520857889c46ae98690cf6d0dfa26b,17110
1510fbeac5394ee69a53cf64a7a093db,16979
279bdc4889564edba8ec3d808a74db1a,16621
5aa6e3bc0b7f4c63b247ac04ca400129,16436
83b5865df3ba4e0a9855e3af5a41f9aa,16395
6ff654c360c240d38914fbc00a2193da,16287
f6cb8c0dbd944629a3a6622ddecb6aef,16252
7fe316acf65941599252e923db155612,16241
c0f3e7473b484dc3ae76ca33a93a164b,16074
3cccac159a4641faa67cfb64505d2ce2,15892
dabfe6f5e1a543ba95bb0ee7c7d7f106,15816
b03b7030f1014eb2bbc31b681f8ae2d7,15767
5da266ab8604496a91de069694b067aa,15746
27557c13181d45f296b31b69e6ee312a,15730
ded6aff9dd654f30a10ed9602e2c6004,15682
c085a2661b404a8899f8a2ad597bd351,15597
b76c0f6d1515407ca3360d2454246e8d,15592
55e045879c5c4db3bf493540d9dc0d17,15380
1bc562c35b2a4313b0ed6b282b92d9a1,15157
aa9b7cc30b114da5a39e7a924fc5b69a,15105
4f5940e87bbc4140af83b3f8c6aa4612,15088
569c7b3055084660b7d89fe87a1d6d37,15024
24ba5b2e0dda4b4f817596d9643f6786,14957
1131b76bdb5f402dac9ae73e27c84697,14409
2ba6ef9107bf4a2ebd7c662f80966bf7,14319
1c6674fb58354d1cace2ed34e855434f,14307
228ce6ed11d14e84ac2ae00cb5639515,14234
8239e22a22f84527935fe0d66f5479c1,14216
d95abeeed85d4796b30494c5f02ad0b3,13731
2400eeae20ee4cfdaaff2320521c3032,13666
ebf829491615477a9a6fb6d24a4bdc90,13362
8c89546c8e524777bc61ee8b984e29e0,13147
b3b69f356f9a44459ac037463948159f,12992
91db38a7754a48c7913292b4c2a5237c,12879
40dd6d22197543669fba285cd158079f,12629
3468d450481e44aaaf10e7c9b43ed7c7,12624
f6aab18a7d0947f08867efae57e7d5b4,12484
e49052056b49428b86e0e8972a273c89,12481
d410eee7fc814702af4ec62c1a64eefa,12419
dba8547812f04f418c0faf8f1631044f,12270
621f2d0c79d0499eb8e6a538feb08e37,12264
5fc09a074d0d467c9bf0e1f0ee26ec45,12104
81f1112efb014b568c2dbd217ad2407b,12030
713f93125f6242069f9df14b7988ec8f,12019
7d07ecb8e72f4eb1b69ceea29e91be14,12012
fa5ba41e22994a85a61679c50c4256c7,11685
a2cc2c78fbc147c8b3238d1994bf5ba3,11672
331cb18d7d51484fb07794a30ddbef6e,11622
b14425733fe14d9c8e4746b2a1db8b99,11514
1722474cbe3c48bdb06768c849fecbc3,11493
cc28da1df13d4147b5420ccc231a458e,11415
8da9d8af9600449089f527c248a96e4f,11301
c9cc1239d83e41689ee3ac7d4586dd35,11299
c939fa514ba044bd94d1697a733f8a84,11051
cc24befdf2774590868faf92c745d561,10990
7f72ceeda31b42918c9faec1c95aac99,10885
a3c2ead0fc68405f90176c9920439001,10884
0c9b4939dda942a09aff8e8b1db03917,10866
954ca9eef0794ca7a9f08eec0b25ac5c,10804
bc82f932b75d45728359269b4c43409d,10703
e69a86f37fa94bd6b766d7c09c973ade,10651
d321bef8b95d4730b7825fd989165f59,10643
c540003954c9411cbcf7836bdce30311,10619
c49c6441bb14407fb2697ac78505d2e2,10511
5203dc45b8344a35a122f3446c13331f,10199
c99d1e702b8d4d969e6ac5007a9d95b8,9856
71b4efe3a00344fb8390ddf3b17880d6,9758
8ba6d7f9bb7445ff96ffd06af5fa8c1e,9654
d901924d294640abb47dd412154610c7,9650
841ec603883c444691473efa7a657b01,9622
7a81c7130737421db33e3a98906958e2,9556
e97e596e2e0e4682937b4b8979328608,9420
6638e8be97b54a8a917c20284ee6082d,9326
c4864356edb540efa650502cef40c36b,9265
fcba6a53824845da9d6330719f43a430,9227
b258f1526dd44491a4c3c3a7b57a8618,9168
32ecc042ab1941e5b76b647607defb8a,9089
748b8272352c431486f41ef120bb0018,9031
9b5aaa3a004344fb87124fb7fbc9f49c,9012
176fe485412740d589cc0f127dff0353,8894
7ed3e9e974dc459dbb5d5526953d17c6,8802
9ad41e803fff463bac913cedefca7796,8800
8d84328b6ebd45f3b87f3b7467b746cf,8634
fea91b9f08cc4f54a295711a70734a22,8468
b3eb39eeec084dcd92806f5f6081e175,8427
826da5c8e466448dbeb004b84fe78b65,8418
6288c3b63bab4541826c680930a0111e,8393
64fd691c30c04858ae676b882792bf41,8350
307ae22d54194dc797d4061f17c87478,8316
13ba077e1e654a54993e85f4fdfd2aa3,8289
f72815499f1b4b018cd1792d91e81249,8287
5d23a1d87c58425e98816025d8157273,8233
1e801411cdbd40aa92ad0dfc09000f69,8132
cc178caf99a14853bd1f5f4ebad1aaf5,8086
0c94663f003341f285926fff9ef02495,7954
d8f5e82ecd9b4b0daeab0eda294831f8,7867
33fd4a228dca48da93f5fceecf793cf3,7766
7e82063f16184d2497c1d9a81abe1925,7746
d1451904c420442aba551070cdb221af,7725
3ffa30fe60364b79817bfcee9ba39a64,7722
cfc948365da84e26975c4f6726f1c30f,7693
b2e6a9a525cc44cebd968cafaa44aebe,7529
70c26dae53774888aa5bdccfcf6aa387,7488
ac8e668f620b403b9ccc6486c0e365c7,7481
374a9a2f750b45b0b6fcb95978f22039,7295
a75f04d8480f47a3a73d3b61be147ec1,7253
fe447d5ca733434bbf33b0c6092787c5,7090
7fb306ac5a6d4bbcb720e1de16336508,7039
0380e726a53e4770ac2a9c8e94a0a0cd,7020
7322ef3b7dad4763bd20d841251ff0b5,7007
05bbaa0671654c4c98093ce34d70d7a7,6978
35aeb700f6644ea3930101a0d9f4d1e9,6800
10bac435461e49aab9c5d368419bc681,6788
bd3b8d1829e145cda9c827f5e87af3d9,6783
9e57f3868c2e44c5bb7f68029dfe1c7c,6724
16f26ac49c7c4fb4a1a936eae2a57426,6678
006d384713634e34915490c02379b0a4,6595
dc6de3bf3d0b4f5b922935755194bea7,6566
d7396a68ce174871a828310e28b57848,6566
295b6153828349ea914a9cda6020bafa,6468
4d03d39d09be4f3e8729c63f71edae8f,6381
e2aeee593b9941ba91d65394bf4e63a5,6357
0f09709c70c441b59a6fe616f84a5302,6297
c78861f80fa94deb89f1c5e255daa644,6249
e16bdf2168e144d396be917a93114bfa,6195
0e147b79eed04d78ab7440918ef65944,6086
abf4698b03984acfb21f239abb1a3907,6080
f95e14617a63412e90d346365976b74e,6077
369ce6efd83a455abd5087022c81b7e0,6064
9a7beac8dc0447bd97ba080b8be47feb,5948
78d2a80a1628414097285e5ece0cab12,5947
5acc0aadea4f473baa44ef5887fad935,5924
9999b4e6b85c4300ab77aedbeb77e5ef,5913
c6f7ed5bd4954356b00aac92c9fff41a,5854
3acb5a49fb91402daf8693169bd11746,5819
35354aeaea2d493f80313847578e45be,5803
364e8666ea5c424186bfdda989f186a9,5730
d66ded24eebc49c0966da852e278649f,5690
4e17c79d1f864b82907e2beea80bb74c,5581
43c343dfece141d18c16ef26fca862c7,5569
113bcf3fa4d04d64abbdd055953e4b17,5563
146626a8e3914f21958d0e28091cbcfe,5551
4ba20a5e4a4e457c8597cb7bf7811f48,5541
5af004a3cb1847c189f18042d1528923,5446
76f7fe7d1a254857a6f6ba019cb2cbe4,5367
d75a71f2f142477c98c6844682f0ca6d,5350
9aa062d8f3ba45768e6f68abf2f3c2fc,5341
f738a88353104bfab9174aa8e0b3c94b,5299
34651a63c87e40abbe10694acce5edc5,5275
3d5eea82452d4e6e934d646f6506a341,5231
95299da5a5f449f09c2fdf131183b903,5219
48c00243a9b5493f80bc974209e0e41a,5120
36222962d92d4755a78df51fd13f0433,5093
acd84915b6404811abacafb700801235,5084
ac629fcfa07d472bb8e4fb89cbf5c029,5037
ae0a8c72888b42ecb09fb9f9dfb0df40,5002
54d69d2bfc1d455185885b56eed7d514,4992
be89c84ae27c40c3a5ee2840d95e5d5d,4977
65a7c85f21154e9ab4ca00675da7bfa1,4809
7c3210a64760404aac705328e751ebe8,4795
9bb388f483fd48688e9b1afdbd3fc1ee,4789
fc7fcac5ebbd424eb5defba63155412a,4763
729c07f6c16247e6ac27fb1aad47fa63,4743
bb7b961b8217402ba67a13189fb92659,4711
440a0887178449a3a43e65954490a658,4695
79275bffd6514f5c826d1a34526c8326,4648
38b4986e9b814e25a1c991e2fc0e04fd,4639
efc2ff990ea34f39b9cc691bfe733130,4638
1dc3c4426e8a47459c4bc157ee2e598b,4617
93742865f52a4caca1e7008be1c3d9b8,4506
e5fafa0edd9e4c4586cebde1b6858ccd,4500
c4b75bc3a54a4376a7c3d0355ca9c8ca,4493
c6d39404d15c48b7a45e708f1cad4997,4489
6b126cf845144893948ee9b46d043a5f,4430
28fe80c941844d5b9db20745a4272715,4373
27f896fdec904f5998b798799dd1e75f,4340
87d94dfe975543ab9a879aa82cd47d93,4327
fce4a97cb2b9492db8d2203e3f9610f9,4306
2cad72181d644ee4870bf5357def945f,4304
bedb01e27b6646f2bc7db70aef869df9,4295
22d332745bc248f0a56ac5acc355698d,4247
df28ab4cee16458d8bf66d7c75905dca,4238
beffd64a12234181acab4b675d4e7be4,4212
55f13050939c44688cb1bb852199b805,4205
e14510f75a2a488c98edf1c88b445540,4072
aa69fbd8e191496bba9e456f934c76b3,4070
2ce33490b9694dd2ad533a7b48676114,4057
d153a909f976493a80fa3192b02d6a9d,4052
00205f8dceca421a9cf184e0bfbf49fd,3973
62e14f7307b349c3a04007133387d68f,3951
3f5b60933b964357b7cdc0c3077ae24d,3930
0bdc586df4b84f2596586ff1a197cbae,3898
da87b58c9a8245cda82014a16cf8840a,3790
49c8b832a3594706ae87a1676114ff06,3754
bb2c31afa5be4cd595085a55c2deec26,3725
d737d0eb953546a79b478a6944694bde,3721
26d45fb4a0b7432a879306d74f77b966,3699
4af122e5642f4b3caf3fed256a8c1ad5,3696
496bbab1df6444cb9490051281608749,3651
fd154430867f46c0bb2fa5dece6af4a2,3638
4ceb7b9d70e14aa8af8e6a8397a78990,3576
7d4d3c6b0e634206ad45d5d170659662,3575
349684cb570348dcbc127ffa323ec315,3495
8c6c59b9b6034ed18e22559a1d428e0c,3479
56debc5d602b483e8a14bc5dcb591787,3457
87f26673e7a94dbfbc2112a8a43d6c49,3452
59eb3d7b277b45e8a38ba66d37469c1d,3435
68d4624347ba4cfc950a5b3caa1b0bdf,3401
ae5b803c779a4b38b70f9e4b6d33dc26,3364
9728891232324c3cb03aa5382847d19d,3354
f62c9a57b0fc4355a33b3ceefb0952b3,3332
c159dd12a04d43f7875c0d2454578af2,3331
734e900a3dce4c15b0ef316d88b09def,3322
f67d7918294d46aeb4986ed33c36e3da,3277
08d57308f529458ea0f0dfe53bd17f13,3238
07952a562f22499fa4ff126fbcbe1156,3205
0c3aa19bae964431babaa2dc28988f59,3112
e412fcc8376645b38b005dedff5bde3a,3062
9acb6edd4d7648ef9f7fee06afa0a3c5,3061
47aa9e97586847beab9491320e05cdab,3028
16931f2249a2478490299a34d7d966df,2987
ff285fb343284c5c98bae7c21bec6ff2,2937
aeac2ab7f7da4d23859a9233ce012283,2927
f11432fe52b7432fac77ee711e00de75,2927
648a73c3ab2a48b1ac046802df52be11,2902
3fe452aaa8d34bc58594aa37cfec3113,2849
4d9bca5f968e4facbe42c7b7cdc678f0,2828
12fbf29cc3ab474a8d3a1b2357dbb20b,2827
34c81f4d34a044ba9546228ee514e7c2,2807
b78f52bfe76b4a5990ef898a5e3ecc68,2800
3d9c4d4193b14216b66d9a89221e5114,2796
503379eac0004ef3a6c2babdd8ba0834,2795
3ba5c4011c1e4608bee96d20e3fb9b7c,2791
fe7e116315ea428dbf76475266cd09cb,2759
7a44bf85c9cd4f7784716ae6c5b03a55,2742
b07fa47ebb534814aab545ba70480875,2727
12fb421a8400464b989ba7560a71061f,2718
c42f4e4bd6884948b02fa54a322846c4,2701
680ff70fb0fd48f2881e01d9a870db45,2695
d74dd5aef8bb486e9a5a666b0317d989,2686
f6567acfbec84378a76ccc3ea2f78b83,2641
60e6aea28c294af4822614682c0a316b,2637
39efc8cccc114c25bf2da1413ecf51a6,2630
d91612995cfa4482ad9339125461285a,2611
7728a67576ea4aac8d66e397e5e8cb45,2573
1d19cc12dd314479b73f0294af8755d2,2568
620c600471844207a3826707fe3e8e8e,2513
7c259594d95b42ca9d04984e739eaca2,2448
4754db520fae46a49ac8373cd57bb10e,2445
9c38d644320148d7a94a9a54f16e3431,2443
1446806f433c4ef18d8afa256ac44850,2422
914d81d2e6c548fb96124820816b6ce7,2385
827449478e3f40b1aa36f146bc285aa9,2330
0fed1f352e78482888a1d501deb68593,2327
3760791dec7e4abcbaceba66c5560800,2307
5cb622f7d39d4c06aa879b224170b552,2295
13a5ea248b85455a8efd253c17941884,2291
f609bf430efa4a969806eece087c6601,2253
c1c8c9e0f9ad42b09261b62f523c8dba,2223
91ec6f001c14494a87463fca5adc2bb0,2212
1006a34f43ad4c308f0a57736ffd4eeb,2189
173651d19b3e492cb6c27f74b9b1fe7e,2187
a0fe946309f8462694add129b5ba4435,2162
0b721b7465a040609607798f002c8950,2106
9ae37e6ce6364b20943568c1994207ef,2105
8ec14778e9c64330a291f1cf239d77a0,2103
464e1e6fd76545548612d41bac094817,2091
64fc0ead31a1407796b68c310fd19c39,2054
428c343456d648018d7dcc75ac6c81d6,2042
f5d5e0df4a1849e684b6a0e7de25c6e5,2030
901e9aa51edb4f06ac08977abdf388c1,2018
8fdce58a9049400f97f48848669e72f4,2002
74e8137eef1c4b5f8a3a358f4e8b5264,1974
7570b454d53042d8a288dedf1347e7e1,1959
6d52b87b5a964c61ad7e28afd9499f16,1958
12b208d73b2647a38bf2842b760a44f8,1925
ad2e65e3efca4fc39f1afc932a1a400d,1917
f26d1b7657924c61b3e519cbacf36c34,1910
9ae55707cfcb459f9dcb36f8719d9cfa,1909
b2df2131754740578d280211e1658445,1896
ac579f23fa48472da19b00916ca2915a,1849
110a2bfd22e848c28e1070e659069d19,1838
139d7c635c204f25a8a191db570a1b6b,1766
0de1d45e2c4b467b990d180955a743bf,1761
151290e5c9e641ab8b70cf2628c2c32b,1756
3fadd97a928a44a4a4a39d26d22ec580,1753
3d3c82f8782f4108b4db407a3e114637,1744
df18440e3a3c4bb597e98f79b636c19d,1742
3235596265744d06b53ff9f6b5592f74,1734
136c7b7db74f4354ae8721ced4db4e39,1728
94a173e825454026b73e540f562d254d,1725
02fa254b6e77444da96cf2eb745513a6,1724
9efe367ae2bb4ee0b09e28f7b30e76e9,1723
1662923a038a417b9e3dafc6b2af6c0a,1671
9ef5e5148a30437a89b52d1257e27135,1666
2165ab21a33a463abb4b43ef8eb3da61,1656
6a20caeb9e2647d1978fd385efbada88,1622
07a84b1e783a4617a1b515c2dbab8c81,1621
6eb9828de3db4c528be7976f7fc1d848,1601
d79e1235e359463180867d42f31f8e8a,1596
ee16e7c4f0164ce7bc7dc13f1ed7671d,1585
7f3b043b66334d12a3e14513e23c0e6d,1573
2c82301b3057486f93755150c05fd5c2,1556
3d53606b24144d12b360d33834a62638,1549
38b1da6834fe4bb7a788f608fba2bf4e,1546
e083c42e867d40bb816776c6c0c43aa6,1545
63a091009fcd4681aa25fcdf98cbc399,1543
58e5460affc14a828baf05a9fb53e6d4,1539
6a2f8daaddf24ff784c6b26f1ba5abe7,1454
dcc8f54404414435aceae4b578ff1027,1442
6c937e52183f4a39a47e23f9235a2133,1440
f72e4a859f8f481aa36ba517c9c57913,1438
58f532f36df74998b1f0ba5e821bd4f9,1437
d6aaaa2099844868bb6a77f7e9567c91,1427
a3d0c7adbd424742857d3f4117806e2d,1395
5c49175a68274210965ad3fe406ae249,1394
05bbcc39408d4925bd9192ea9d333d67,1366
f5ddf6bc3a18481d81f25d40a2a56dd1,1348
2b0800bc9fa0475eb3ca6540d70d7d6e,1348
ea2d056ab4444542a09e1efd01bc28f1,1315
13edcd85aeda4c3c8017658d2aa0db89,1314
fa520ad5c4b74b3dbfeaf4a9ca74dfe9,1312
8c81467d3661478f8f4587ed722b59bc,1307
7334f42ed0d340a889f62fce2da4d7b4,1297
e01d64e5386b47359b7b7600b60fefac,1296
fc6d3941f7da4f9fad6366aa4f614547,1283
8c2eb8e67ef94d048137a1d5f2fb82e2,1271
15fd49e7f00a4e7290700469cea0cfad,1271
f3da6bdb17764ec18651b6bb17eff9cd,1269
cf59ce6d984649d9bce8ea89a72dce8c,1217
1605f4f57cb349c8bd87a4ddb146a150,1192
f41a2237ddab4181b63b4901e308a21c,1175
6d89bb0e29674fd7a82f5c811db28f83,1167
b2c624489ac348bb9b8c2c324f67d6b6,1156
fe77f0c6f69946e68cc69fc0b85e3ceb,1142
895228d1c9ac4b7ea3f2b8f88d049192,1136
5511a09519c5433eacb9e5911745d0ff,1129
febb195d7a144f46b15eccafe5989b92,1120
9f5eb417fa964273b018ee16d7f56a59,1100
eea6fad186ca40d8886d8f6a9ebe891d,1090
8acd080d88c140e3b2e511ff841fd406,1085
a4d06a3542e243aa967e7db159b6c3b9,1084
d7972d307b0b4c22ba073568758ec77e,1075
b90c92160faa42ceb242a78de5d77570,1073
56ce722fb1bc4fff935f5150ad1618b2,1070
7d713331f1404d66975919f9b9a5acf8,1065
6a8618912ba54ba0a69372da4d320d99,1064
4883fef2c1374bb78a92c0d9c6b50d80,1061
873c9f665b45456dbc3499c26cc7d5a8,1060
7be34ebb265a4a7cb9ba796f4bab7aa5,1044
59f0c030fc0c4d29868b1730c25caf7b,1041
e56493a7907640a5b3ce4c2ff89b246b,1010
6bddb0c0053249a8beaec43fa6ace4e7,1003
7c81c65396d04af4859a383bf7539b5e,980
9c6e69fd3a9f4b8d8123c11e37f2a673,976
3616e57471f54d9a9f56a28a61d07201,967
c5b2bcb0a60e4900a094773e26c56c7c,959
cf305e7933b3468cad4d7b6ec7d10537,946
f76ee0ae5c0d48e1a9589558830039bf,944
7fe4160f75f34ec2843e6a18c6a631c1,941
6c5d3eaaf29c4caa8327b87a6749d9dc,905
33aad758bece47b0bd610874b5a767da,897
a6492a7a16c04977aaa576317d830688,889
99099978ed814bdca808785152fb1204,876
0ab1e93ecead43d5a33693361dc212ac,866
0e5c527472594de2a18f9499458695a8,866
da0938bcedaf423aa68ea86255b40d6e,863
fd8e04d04e07496aa9cbc9243b1fafb2,850
8eb9649fa9924d30a8336ee6ecdee8e6,850
8fa0c7395cc444169dab5c3e11dd63f2,844
d55521a57b174e51a911c4d8b842b71b,837
b2b6ee18cee746a8a706aad74e14adce,835
07fd3e51932c4f9eb4419ca5813ea97b,819
be467cde32ca4ecfaebbb13152dd05f7,808
d6a3188720a441e0b88dce852c638269,804
6797cd1f6826411b80d7265a424dbad0,800
2b27d60540534c228b2a3a29258b2797,786
5b2dab60a7894c96ac90b92f7c673def,783
e69e4976db334e15bf4d78a108cfbc86,771
e38bb08ad6bd455998658e1a6a89c117,771
a7b46fb6428d49cd86602a084e5a8ec7,764
1b5fdca3c71b4459b737c40cca1ea3a4,756
86c1d2e1e3ca45f99b6e9e731027a38d,755
011e11bb458d4c62950d7eeb3424bf0f,744
f565e6d3434f4cdbba360749b334380a,736
c66a7703020a4a738545ee2314698a88,729
5239be5b1ef54a5098f57f510fb49758,685
24ad6c6174aa4297ba6504be673e895f,677
31bb76de8e9d4fdfabb0d1c24bb5fc92,673
eac5c2b716ae403682facded07cd01df,668
89578284a7f748ce95f21a5003c7467a,668
8ef24b903eb44913af7ef4c2c407fa1a,659
bc3d84eac06c443d98b54a8d8f48c452,645
42ff973452934d5bb8e19d962b666ef5,636
75de3dbfbc6640b496c7ae4b291aad05,631
e9c6970149fd4170a4e403d441ffb0fa,630
5888cda8725c41a3b0c3f47332a15ac0,614
dabf9a8d28ca4531a0768da271658282,612
edc462cfae544faeac12a9473bfbb64f,608
ba7ef76387564e8394f471ac12c400ba,595
10af8f7212f145989661a1e4dc9cbe63,595
226e1648bb084d1abb814f29da125d2c,583
22826d4e95ea421a9a6eec0f272acc2b,580
52a527e26bf140ea95ae99a72f981c91,570
627ac9455953497b8a19f1996a74b1e6,570
111473a515ef420197e4759462901f12,566
276278bee7694a94a3dbd6dabd0ff2c9,563
2eaf979d6d5745f0a2056ed97dab4af1,561
bb0fc38082264fe6b2fd94abb24ef205,558
289dffeecdf4446ba61c5647e359e250,550
81e6742c521c4774b412c0e730409d97,533
3d38cae9405846168f3d24937c736246,526
d2781b971406416e9b8e0905a70ccb64,523
720865f1a985416ca1076be43c145b34,509
c60f5fdef7774ef9a32ccf8eecb7e9b7,504
6de4019d68244e96a735838c9a3858b0,502
18aef0cbedcb41e297924c6756fb0270,500
6da42fbc36c14aa791d5a7145480169c,500
5ad352ce3df14e5ebd1ae86b28b95dd0,497
e3e6e477ab9b499ea03f1adbb253af7e,479
6537800c945f483e9472bbabc2f6b37f,472
14d18ddf0040428ba873810f3e64e7a9,472
344f2a7e91d741f69c8e638468150260,459
1b868c47de5a428fbcf44999107e7d80,451
c9a5882d5d4642c3be57c53824deb881,450
37d82ead5f304c2fa7a39f2b955a4b85,444
211572ab096c49e48aae49ecfe9df302,425
ccced35f6e76450d8ee16b164b1478ca,423
7034b8a8a0fb447393ed547bc0aa8c99,419
02ff62d651f240d9b0716df832ccf677,418
5fb9916ea3a14aca8505c6606cdd9fea,418
feec029f33d24f19b1ac13bca61cfcc6,403
a91ddee6951c4908a50292b115a4ee9f,400
8b989744e1fa47959372c261c781e1f2,391
7bbedbef60ee482ea59999db5de21221,390
5b600ce327ca4aa3bfff3444e5b7cfe2,390
ff7045764d5f488d8cb595334492ef36,383
458e09eb496b452daf1509badbe3eff4,382
08bc820b6600424fb6d35b6cb95ebafe,381
bcc76e40db52490da3322ae4879f333b,379
34cf838b40e94c488922d01d382bb1a8,374
f9f791351c554034b397e4ee279c65cd,374
ecffa4a897c74ee9bc7e1611fe71b6fa,373
c50cee0429604f53a66a3f9a43c1e844,367
b653f6a96058491f9a69e181ab56b762,357
df1d0d0f4d624fe3acf5619e65ae348a,350
c272e6f5ad2b4e188cb4dc5684a6e208,344
38b58b830ccb4852b9fc797ff6ec2052,342
f3091e08412847fd9f632c6befb20371,341
4115b8d6a1b441249a960d9b37d6e317,338
ef7f52e241e04cc69c0fad85a88599bc,335
a1a7160adf0d4d9a9439ad89eb284a6b,332
8fa9086ac91a44859b6d03153535f837,329
c6edd56c678d41549c72798816bcd134,323
e2eaf95c2e394dc588f1f5e272aff43d,321
b0aebbbbc3bc427998e17484137f6c03,320
9daf76d428b549b9899a504f4d5c6268,319
e05706d1b22d4d5e9534daee71e618fa,319
2c3dc79f5e85499598d57ff71ff50fc5,318
403071ef174f4a3e81dc9ba909b6f683,312
a2c464127735401c9a740e6dc1391573,305
f337a463ea764a44976bd50605ad727f,302
3f8e54628a0d4200a36f6cca32dba405,296
33178a4b199a455884aaaeb2f1f2e65b,295
c65bde3a822647f0ae22e5c64a65877e,295
71f7c8bdd35144d0880e3ddde29f4a1a,290
0b16baf91a78470b8a0d74b7f07770a2,286
b610f798fbd04cd2a465409f23a94a08,286
191686e57a3e4b8994f63b7b4e90014c,280
6f5e1451464f4ac9896a8c512d98d0e2,277
e0ba093bf3bc407a98dc3a7ddf06aa60,261
3e985df130404b099cede3ec73379451,259
7f9d0d109ac24874abc6c40f0a612f90,258
41d8ac8a807045d8b6a2c52d0b0012dd,257
2b909c28e164409b8257f26933848c05,255
d1b1fe0caf7f4d44950c116d8110cb55,252
c78acca09c10486f851bf7a57b75631c,251
b6af2ea986fc444e9d303b3df76ab648,249
9e7780d6eb774a749c6eaf6118d9d145,243
a6c5f07248504e4ba64ae2fd8e69d225,234
b2e91d8c2b5f4e8a86f60b926fc93f21,234
3005f0153a1f4b4b92dbdf4e8c9b3a6c,233
7f57a9c1abe64f1a9680cd00567438bb,233
dc87897c1e9e4991bea7f2e68feac69b,232
ffcbc3f955b4421bbad32293f6f12a97,228
1ab33fcd51234bbba5c0f9779709f4f5,226
6301f20cf48c4845acb8931555321167,221
835c8e988d6f4afaa269f7a384c2981f,221
a1b347d50adc4315b9d360f160c59a06,220
118b21468a084bb6b8bc7ccc5d962842,218
93005bb4f9ab4e5b8aeca0d6b7e1511d,216
fb74fb1e98d447cc875898434e8135bc,214
d607991e276e4098ba4faf90dce2a9e1,212
1c75f27975cb4cce82fa820b72934002,210
dbee8a741cc94268936d7054650fd1bb,209
b1e9ec69f1de498ba6cb51efb2a113fb,208
e491de2dff8946729d4a20b84c1103d1,206
2001f287b97944c6999676fdd2df7cdd,205
2b43d47c87294e5db243e3515a2e3d34,204
ee4fd0c8a0294ee5a1c7755401e304f3,203
cee98b6d669c4f7c9bde634407658c31,200
23c0d744a1224c6e9c86c790bc606bc3,200
45b449c51d2d46c18bde729e3314e67c,198
51f3d5f6f2bc4bf39a5c9e4079971b4f,197
90f303eadee14a55acbdd845f00b8062,196
a0184360dccb433cb80deb1830c74ae6,192
5fb02a76ced04cacbe9bfac45533d82b,191
509bec47f6f648fd8f994cb1e868bce8,190
74bb16b66fd745af80d7aa5cb545f8f6,188
831d2c606fb044fc98b3110a389c20c1,184
9ee7b258cc1b40ada791646126bd9784,184
dfd2e183c6f74e8f999a94bfc72972ff,178
fdb536768bcf4a55b66eada0b7605469,178
4efd4776920a4402ba2bdfcb5cc2eb71,176
054ba6a77789417db76ce1e604712484,176
cf9f635066cc4f568e49c61638381b2e,172
b7c2b83109814b95a9be2667e337fd1f,172
d6cf2b851517457f8ee24f42ab129458,170
d0bb6506628a4f37bbee7e2aa4097b92,169
9a51032305784515a6b37516b717d912,167
87c178a995084f828621a9b238c2b127,166
86cc3dc06f0b4db4aca94d37f008646d,164
c347aeab77a545a58a07bc77d5e4a9f7,163
4f11069dff674bb2b45b66dd0bfbb82d,160
ea5fcb5c0a4746018fb722e1fa013455,160
6ceddbb3ac314edcbabbe22047ffc6cb,158
2d623e1e711f4310a03bcd37145fa68b,156
52a69c24afb24da489ca2df0354c1636,156
5e67ff1ca7f447beafc1284e8f8021c3,155
31ce15efc43b4bbabf22d05b413ddc46,152
79518a88e17c45fba68ad9b4e2290716,150
95626b55570a4c5aaf9e3502a5c4ef65,147
cbb4a10ad8d847fcb3448abb1b6cf0df,144
2f9ded193ab441239a729f4fbf883f40,143
06b2cb7fe2e848dcb2edb3f8c8cf8686,142
6412c104fc4344ad90cd50ee079d8338,140
ccb0008ff3804c8c8ccb8fbd99548826,133
89f465cbdf2e410b8eb669cdaf6633b6,133
058fa5fa330a44009ea79e0f80a33caf,127
5ad9f8025fff4c0bb966430f829553c4,127
42ae0bec8c154946af91f4e523026b44,125
9a48b0e0bc8b4f4e8bb1ef78fbc01735,124
e56c6642c4174e18879062852eca4837,115
9eda9c3545c14e6ca50118beb2d424dd,114
ea10f317f0d745398552b151477aef8c,113
87da54901083486bb174fca1f06ce402,111
bba1695dcf51463088d96fa6e93a4a63,111
a5ce876e783f466daa4a9bccacd2fc0b,109
34716c48361b466a9fa3d1bbcece2c82,109
c153ae6cdb92435ab1cb9dfe6e8c3058,107
0071e1295b934214acc2fb37569b7d20,107
2ae8cc41f0ba4330bfbc64172c113128,107
6caf4c7c95d84811bce4256a409a7ce8,106
c209165d6d644b8e88cf663c88da5893,105
2f39ca736a2b4cb28163c7a9d8a74dff,103
9a221b8a913e46bfab46a9ffa8f6d38b,101
b20d1485ce8a4bb480bf67127ce41ce9,100
3a71c6503e0a4f2db50866b08d642804,99
525561e2446d40aabe6e142645167f75,99
ebdc01aed2cd4839bad55c99f79a17d7,98
a623a934c32e42b48312a614ccfdf839,95
54219274356748edbcc95dffe44b8a08,95
3613aeb208da42468549dea62c504889,93
9323e2fd554b4bde80d4b25ec2676680,92
ad0f030aedc44b3299ed8069d6bf99b6,90
e85593238c824767a9dee817a5e31671,88
419c1c78c35444c5878bbf010a247d5a,88
1add8b546b2e48a58abe78e04a2702ba,87
643aee524dc242c8b25fdfb4c175db03,87
d45a60c22ada4e1398498eb38446eb03,85
1509622197a34997b6ecbbafdc53a5b4,84
e42dd4690ccb419d8fd84087809b2889,82
9d09abef270246199210391ffcfc2452,81
72066929049d4fb9be97be599684ddd7,81
acb54f4a25f8437a9ad905c696065aac,80
31ca0ff53b074d7bbf344c6ddf3abfe9,78
372aaeba12154913a4f4e8385fb1bf82,78
7b3827379e0a44729ed504c85ce47eb1,77
ce6a59339b124bf3bf0dd048308b2267,76
62a08a230893468a861b8b7abfffdf25,74
82db9da73d1547e7824111f4eadf7da1,73
338f907beec74662b31ae7208a3a29df,73
0189b672c47f4ea2a836485db96fe94a,71
cb5950c1b7934f18adc82d161da640ec,71
8a9f89bedf0940119071ed84f94c570d,70
c4ce664e8f0b4341ac5b00079f527159,70
64a47493be064546bd385b2351007b9d,70
2a6057bdfbb6484fa91ddc2ce852d297,69
a7acf59f2dd74c599836c1a6cd719a76,67
dce62c3eb0c64f86852275ce5e3e623d,66
11c33605d0b64b68bd4295abcca6b899,65
3186204dea404980b5bf5e49be20326d,60
03d1671692794427aebc67732337c3fb,60
b169192c478149d7a0c8baced4513d2c,60
9963de59629c454c9b3eb0d426338fcf,58
cd70a115d69548e28bf973280856b465,58
1f4d401dc99f447fbea4ec4ef97a956e,58
d6a08f6eb75645fb8c135e26dc161c06,58
bee5ea2b5d904b97aa469c69baa46716,58
0baeeffd57bd4885b75da18b20fedb1e,55
698f2aa947884e608b054a042169d1f7,55
13610e4f87104e489c9ce395c732021a,54
fb4e2a764a3547c4a3dad62f3c722509,54
58cd425af1eb4f34bb5b1bbd483f2811,53
1f1e9708d7004f8c838ab1eba1d8460a,53
26b4ed3b679045889fdc5539a4c2d4fc,52
7328f256ea16442b87ee2223eba94e2c,52
d9e8c113da1340f198d483e6307085c8,52
0b02bcb195c44928b02cb9d6e08b50f1,51
3e3aba346dd14d4997d80da96aec88bc,51
100b9b00bcfb4eb8903a743893f2c3e3,50
e167e735d93e4ce7ab8a6e0235fc7e68,49
316ddf2744304fe5b4042557a606b80c,49
e8dce48cecf1475688190e2db25268de,48
71c1b3c7c9a248b38339ef9bc12c449b,47
4e7de8bff7fd4c0ea79df7c339f6ca4c,47
471ee7cea7f6437aaaa9ed2a165e9c11,47
868f1db98d35463fb1dd8e763cb68402,46
bac44cbe59c24c19b176aec408c418eb,46
65e5b89cb8a94d5aad7f187e81042eba,45
6feca12211ec49d1a6c8b657222438ff,45
ab1834161a834ff19d692dccfb0e6d51,45
ce8e2d0a566d4a0b844c1a0401162509,44
0dc2280ec9a145b09e9437a060c26812,43
13cd47e6ddaa49d4b6d80b3a907dd750,41
1d322c450315498d8a800c3d78501b58,40
4fed7e1a61eb42e0b4d809ec0287b7a4,39
540fb3002e9a4dfbba0eaef070dd2f2c,37
57ef588b8cf346a8bdf0dc71fbc427f1,37
6dae3b95daa5482b86deb64c905b95d2,36
d28a1351a3ea4b6297d96e852e1fce56,36
7a1c994750d24f3bbc40a32000208f94,35
509249286e2448d4867d2694330c16d2,35
6420f4699e704603b90df684e30899b3,34
cc2ac8faa699414795e1b174025527da,33
2994b5404866430f8331d3c3cbc44077,33
bad1ebf55ae145a0a37d44b7613c5cf5,33
1e48587d85de457c85bb7cd578e814c2,33
1875d5df42ae427b9a48550951b25d4f,32
eabc48e8978c48e0b2d723d1b38ed579,32
1171191223234713bc823c2ba866a843,32
c48448a9fe0b4a2d813d47252ee98b1d,31
bc55fc87c21e47869f2c71d5773bc503,30
bd5faf691bc34f21a8dbaa32ec3b73e2,30
4dba7cd069114919ad0b914d1ea78893,30
2874cd0403124bacbbca5d563b7696bc,30
37789749054445d1b64d1fdf9016d0a1,29
982c548630d742a5b07b7928159b4a50,29
5a9f6ccc7d1146ad9c769022bccefc82,29
8047edb104d347bdb59f66284cc93dbb,29
dcf8ea7cbf18480f8e389c42d10471e0,28
126b81e033994798942689177c9ddb29,27
92cc198fd5a84779bf85498b7abdcb6a,27
517c8bf80d954ae0a9c3313be111089f,27
c06dcb061aed4e85bfb713760c77034b,27
df99c76de49b4375b9d83b9198e510b8,26
1b7d593f42474e86b3a751c1050e1006,26
89b4311fd8eb47dda51d55b82d12507e,26
8d005988eade43499a2aab12ad96a425,26
0bde2938580e438ea12691b2c521b575,25
51c49a7b503c4f82b8ea85ebe14317da,23
bd68b427b4094243a88519657e8404cd,23
d1bc52adaa93475f998642138dc48ef0,22
58590e2ddc024ebcbf03d1a772173746,22
7e5561dae0dc47caaa48c0ae714b8b2e,21
afc3acf6618d448d91dc104ab8814b11,21
b8d236c0cd7443f3a6d95a271109273b,21
0ced53360b2144438ae2d0fa3d7a81f0,21
68a30fa0447348e7ada2024a65ee8fb5,20
696679d8d2d44e329660c105aa436400,20
95a360804f6a41df8222a6f34d4145bc,20
3cb014bbaea74610b3a5312c4169c730,20
9f1c9a1788f84518ba5e6986fbbc9115,19
85ba55dec21649689bd35398ce1c190f,19
4a7b21ebada84c12bbcefb86b3710dbf,19
4e45eb931c684f028b32613be6e7e6dd,18
e64136a57374446da54f48c8d1911267,17
76ffc753645342d3b16e6b08c7381df2,17
9f5991a6cb1d47c79269e80ff93faa5c,17
7e3ed8b102654d3aa844a2dc9a7ac4b1,17
1bf6735386a540d99e842a0d58e2bec9,16
423c0056613f4ee5bc5a2b1544926ed1,16
1b036219ed03481faa0c474f8e897078,16
691908497820458d9dd026255e11a5d3,16
75e4bc5796a04369beadc5d7982250ff,16
6c96082f4bc847ab912bf61c23227df7,15
7a47ee6b6e44432eb691bbbe3e1fee7f,15
1b04c275b2c34bedadeb55f99eab2162,15
1e70f90cd6394c54bb0948d4a56a4d89,15
7cb4fd755d6747d4b31e87e6972ed297,14
8a603982050b4cb38cf3a315c17b51d3,14
196039356ca44100887a55c6f2e9a2c7,14
794a5de926b543efa922cd96ef4a26d5,14
95221aafd854445babe7c42b2b437a03,13
059377ce35e742a6bb18d0e6bede872d,13
7b17251d8d30426b99ad6f8e2b641abb,13
5dceaa277abb4bbebdefc6c813ddd207,12
b64b55c3b73c44b9b843d24bcbb27c24,12
0482fc939f824bf1a45aaef905197e62,12
2580e28a865249599f6247c6999e9c74,12
fd1941b6ab64480fa74d4e4a6c51f54a,12
551c6a1c674f493cb4d39f11a3997adc,12
3ee7cde7ddb247979e2ef0311b751256,12
5377634374a94242a380f7e8918dba3e,12
e098e50a0f3f4576803c6d2c928afc45,12
ae5dd79c8078404fa751c6a09730cc78,12
93f73246a98049c3b20500e32e5606a6,11
2ee5897678184e6ab06c6f6c544d655b,11
38e9d0550f6842cea999ba69b421094d,11
a8c1faf06d5243f2bfb7a05e93b15058,11
a2ab3adcc1d142e7adbb76cfe8ef43da,11
a178600fe22e4b70aab50cf941d00e09,10
c345253d85fc49c6a305d0a6be2293ff,10
35e5b458a8dd422a8d105dd26f27ca38,10
1b67fbb6a43c4479ae3a6166b926e396,10
acdc34e34b964946b70e164b5b39b90d,10
11c1fed23cb24322bb2a02334af07e4d,9
a9c881f2281c4197aba45746ed7a7a22,9
85f0545e36304467a0fbcc7c5a320f20,9
6445f2899a224f22bad60c31fad06703,9
f9620cd079fb40399e7ba514562056c6,9
05b7381cd2624b5f91a7cb5b3d3b339e,9
21aaea492a294d48b7615bac94ab1c2b,9
0734f988446f47ae9668a9a58ca2d80c,8
2bbb6c72fa074f568df6e82068ca0917,8
0096a501947348cdb259993b06bea9e1,8
a5825b9f31c746b7bbd1be4e85636e3a,8
d878a9b71bd6473c90e7ecf31a72f2f6,8
9543f7cba93549f2b2428268b551b5bd,8
8f791e1ae18a42f8ae0ec7d03fbe5dff,8
6a4a942682334af8b035115675b265f3,7
228c5af24c4c476ea78e4c1189d322c0,7
53c32903b02a42079feebe8991983190,7
78091463f5af4446b89763e207c9d73b,7
70c9fcc9a5524494b62fad6ffe9733a4,7
33190a58ccf24123bc379954e081d60b,7
74fc3c9f53174a8fb476f8f54ee0c2c1,7
52f0e0f15eed406bb9d4ab573a997582,7
d701305f8fb54019ad127ebec04a07d7,6
0185268ba8fc428a8cd80c3bc6844909,6
9281cb79e9ca437ca9a4d8ac0b748cfd,6
36641925df854dd5aac232802e0a17ec,6
9b973345ca7443199dcae2cc0c8ea17d,6
49ca2da6dd8f4942b7914b34a0e395d4,6
7c572320a289430eb84ea974a86e4883,6
fc12644f5114443884845052a193f028,6
4f1641397d274244946e5996c726a4f1,6
ff59b495f25c4392b293035897abc5d4,6
1d743609a5f44a34a6d4c0045557d149,6
6243e5b1b2ff4d228b046414bfa8aafe,6
0e9b8e3e710b4525ae2d8376805bc683,6
47819e43ea0d4ac38c0aa19d95d9cc0d,5
b0ba55dce60b40c792e54dc50d35af76,5
bdb0a36d715e4e96943c51ba4e0cc69c,5
d0e9d2ddcb6741fab3ef5d82c9bf8c89,5
d57aba0e90384b20aca92e990e3cb39c,5
eedb69879966484fa0e1453188daeeb3,5
fa2027afd7f945a3bbeee5aa63697446,5
5f6e4e8b9e3c42c8a0a745f690185481,5
134e121276de4b5a9c36a9760ef0e044,5
6aa8a534e36b497f8a29c0ebf5f4ef50,5
3123d0bd951045f3815c9e15d1039de9,4
77bd6fdfeb4c43a9bac383b6b11985d8,4
38c05b22ba7f4b428e3fbc3d66ca96e2,4
24e11daf6c084639b14ebba7d4908266,4
93fbf77209d842c5af4840bcdd959a0b,4
f17b909b1fd14b01a37765406c223c29,4
b4f25806a90147338fbd76eb1d5d7b37,4
41909128f74f45cbaa066abfca9751f9,4
d1aa13c2a5604e0c863f951632d92969,4
dea98caddd9b45cd8cd39fcaaf6a5f36,4
10869c2316aa4dff8ff857a3aca9b0bb,4
f06ee509ce99497fb236ed84f0835d00,4
d275b47436ee4358afc2761ffda92c18,3
fca77c84280b4a189ca67c9b90b0979c,3
d1478f8f5db14976a2685ffc160908fe,3
ac74f6085bfd4a11a8f4fecb4b3a46bf,3
32b77c2c25bc41c2a2bbdbed43b42cdd,3
e3bce80954864ccaba71ddb6697bed0e,3
cf2523621e474ed1bea4b24cae6e4d50,3
314561f15b35443792ba11c3ed431c1f,3
902b942268e4467d93f5515bc38d0848,3
48efdf15c8c74cec9e9b09e341707e0b,3
97b8b2e1c99e417cb891f653e7f874dd,3
c6e2f067601a4fcf99aedb27b6c47d3e,3
d6419e3cc6494dfcb0b2651bbbadb81e,3
0de3dbcffe1c4850b94d9b9e9ff36df7,3
ad0edae916ac44e6b54a1bbf105cd69c,3
fc731733e4ea4015b53c20078d440dce,3
504afa4ca6844060ac1b9c98ca42cfb0,3
ec6d8dc699e94869a4cbd7dbeec543b4,3
8198669878224a47b743149ad102e0a7,3
e0c87bcdad8648f48a779abe012b4401,3
7d8cb44a0eef4437bc5721e96605cd17,3
5efb1d8b8c0a43648a76df90ff6f5c82,3
dc5a5e48fe82424fa56918804645c1c9,3
35091edbf7b546129807dbb0add0cc46,3
9a7f10b16366422cb336db617e2ea0fe,2
5fa58991f6b243e1bb622bc49f454158,2
b640048c801144a983ae56ebff744ba1,2
b6090e4d28ef469a9625f1105df6c13c,2
97130a1e032c4dc7a90c7f327d9257c4,2
d05c2d095a0f49df91ee5136d8a73da6,2
33e299728a6548bba9818d32af39481a,2
702cd2e7025a4fa78058435cb93f0cf1,2
f5db09caf5a34ae79efd09b1f7beb429,2
296d9d14323f49338cf17cd7dba02927,2
3b11a2711ea44367b7ca972878b7803c,2
fa994df8cc8641209c0174f8bd0c0dc4,2
9bc53cf8cf2249cb8eedb7f048f1a6bc,2
98b87d514c26450788fe9fb10ad3a627,2
949f16b4d96e4474ada3532adb20f8cc,2
99ff080b71b44cb78b29deff38b87061,2
429bf4c5b27d4f339e2b3c513913931d,2
7a533cb508f2419ebb75a842e3f8da37,2
dfd8629588744588b72e351c6c1780e6,2
e4f138260bdf4881b867c1c1b9169830,2
f2f5dea7cd634410a624f5a412ef0598,2
2535dfe9e2bc49a4a6eb2fad3ae6a512,2
fedac92e62cd4d9baa874d4fd45aef57,2
1b8f5064277d4a98a1ce0b7e1db5457b,2
8317f9c3e15b4702b40aea154ce9488f,2
74a7eae10db94a86889c21da35d8c713,2
dc55000f57094792ad277d6f5100452f,2
dd32dd54eaf74bea922e2284cd6e2f81,1
13b1a9be9ef243f694ac1429dc31709d,1
fa1a222e97c745e4b19d5a53427ee41a,1
2b586432369643f3a77ae7887ae969b9,1
152b58d5f9c742379a88a709facf598a,1
c6c0e0151ecd46939d46692130b2c06a,1
14e1bb1188ba44f392615c77be6c57ab,1
f3e1888670ba42fb85ea77459e2fc7cc,1
bf71a0052a49481882e77b3f7c7663fd,1
1970192b95264155af694eb1190fd440,1
74a118606824418dbc150983b0b4a76d,1
6fbf4a47080d444c915e1d971042ea25,1
56e3556aef054ff7bc8674b5e00ffd4b,1
a06b653516514b9cb3d7c456bc3d1b1e,1
15c85eafaa674262b64da60f0afb39b3,1
840e506e43b44fc3bdd5f44e02c8e37a,1
b5aec49ff77f4a839a03c6043c5e9392,1
c32cbd2ac4bb49a5b07b26cf3561afa7,1
817737de9de54ee58c1591b749d1da9b,1
90a3adc3cb234cc2ba9177b6222bac2c,1
a7f65e34faeb42e4bc0e5dd3410d3df4,1
7e2618c689b64aee9c838b31642ddb66,1
f525deaefd4142bc9ec0d612bab031d1,1
be7c85c2a11840ba8a398a1817291987,1
68ccd6f3686f4d0395f8cecaa79c25e3,1
987cb5e341b04c9d861fcf6e2eb925c9,1
73e7b5a0c9d94dd48a8a932b2db2efc6,1
d570ef7a66684135be218b3a5681176d,1
41d8c098b14b4f8d9fe3da689678205c,1
e13a8aa3241b4b7682650b9ae4ce423b,1
bdd514d10e9e4401bc3979b0e06d3ab6,1
d6c09864925a4ed5beb85269208a7a0d,1
8f12907d9b294998858eb938e5268791,1
f197642c61c749f0b2e22ea21ff7f1b9,1
31e35cfbfff248299914aa685ae4ac1e,1
63cb5cf2dbfd43c192fe88bb0074a2ad,1
84487053f3a34f81883bc3fd388fda00,1
88cd3a23a6b049bcadc23c30e7bfaec6,1
1a23edd8603542e9bef8d3d29d11d8f0,1
40a3d8a9635d47bba8dd5b80ece46b3d,1
4167a6da072d499ead342b973189239e,1
acc8353f6165457799aaf835442eca85,1
ba2165ccec354bcca84276bbf212f14a,1
834679e2505e4455bea2c7a0b4cf4e08,1
817c16df30844ed8af3648019bbb1557,1
23c19c8bd77e4690b22a4d24ba31bf87,1
7708f1a7fbe54e26bc6f69ebbb799a8e,1
3db3618835094fc7a943e1839bccd390,1
4fe1997e335a42bebada2226c38050dd,1
c7eb138e22c24689ba271bd5ee9ed8dc,1
19bb14532c9e4352af10f1a8ab279be6,1
4577edc760a84482833d0213eacf9533,1
