grupo,mes,marginal,n_total
AFC,2024-01-01 00:00:00,713956,14081161
AFC,2024-02-01 00:00:00,722018,14081161
AFC,2024-03-01 00:00:00,754426,14081161
AFC,2024-04-01 00:00:00,688906,14081161
AFC,2024-05-01 00:00:00,698369,14081161
AFC,2024-06-01 00:00:00,751522,14081161
AFC,2024-07-01 00:00:00,728620,14081161
AFC,2024-08-01 00:00:00,656695,14081161
AFC,2024-09-01 00:00:00,663785,14081161
AFC,2024-10-01 00:00:00,746834,14081161
AFC,2024-11-01 00:00:00,686073,14081161
AFC,2024-12-01 00:00:00,663292,14081161
AFC,2025-01-01 00:00:00,776056,14081161
AFC,2025-02-01 00:00:00,795539,14081161
AFC,2025-03-01 00:00:00,837022,14081161
AFC,2025-04-01 00:00:00,759420,14081161
AFC,2025-05-01 00:00:00,746155,14081161
AFC,2025-06-01 00:00:00,816088,14081161
AFC,2025-07-01 00:00:00,761025,14081161
AFC,2025-08-01 00:00:00,763278,14081161
AFC,2025-09-01 00:00:00,586945,14081161
AFC,2025-10-01 00:00:00,617163,14081161
AFC,2025-11-01 00:00:00,510396,14081161
AFC,2025-12-01 00:00:00,529210,14081161
Comisión para el Mercado Financiero,2024-01-01 00:00:00,376086,14081161
Comisión para el Mercado Financiero,2024-02-01 00:00:00,495924,14081161
Comisión para el Mercado Financiero,2024-03-01 00:00:00,506872,14081161
Comisión para el Mercado Financiero,2024-04-01 00:00:00,509364,14081161
Comisión para el Mercado Financiero,2024-05-01 00:00:00,574521,14081161
Comisión para el Mercado Financiero,2024-06-01 00:00:00,571089,14081161
Comisión para el Mercado Financiero,2024-07-01 00:00:00,675319,14081161
Comisión para el Mercado Financiero,2024-08-01 00:00:00,645509,14081161
Comisión para el Mercado Financiero,2024-09-01 00:00:00,710208,14081161
Comisión para el Mercado Financiero,2024-10-01 00:00:00,723635,14081161
Comisión para el Mercado Financiero,2024-11-01 00:00:00,703050,14081161
Comisión para el Mercado Financiero,2024-12-01 00:00:00,631228,14081161
Comisión para el Mercado Financiero,2025-01-01 00:00:00,692167,14081161
Comisión para el Mercado Financiero,2025-02-01 00:00:00,660104,14081161
Comisión para el Mercado Financiero,2025-03-01 00:00:00,733095,14081161
Comisión para el Mercado Financiero,2025-04-01 00:00:00,725196,14081161
Comisión para el Mercado Financiero,2025-05-01 00:00:00,711781,14081161
Comisión para el Mercado Financiero,2025-06-01 00:00:00,753357,14081161
Comisión para el Mercado Financiero,2025-07-01 00:00:00,817293,14081161
Comisión para el Mercado Financiero,2025-08-01 00:00:00,834369,14081161
Comisión para el Mercado Financiero,2025-09-01 00:00:00,747087,14081161
Comisión para el Mercado Financiero,2025-10-01 00:00:00,823056,14081161
Comisión para el Mercado Financiero,2025-11-01 00:00:00,786399,14081161
Comisión para el Mercado Financiero,2025-12-01 00:00:00,611680,14081161
FUAS-Mineduc (servicio),2024-01-01 00:00:00,26705,14081161
FUAS-Mineduc (servicio),2024-02-01 00:00:00,65353,14081161
FUAS-Mineduc (servicio),2024-03-01 00:00:00,76028,14081161
FUAS-Mineduc (servicio),2024-04-01 00:00:00,21692,14081161
FUAS-Mineduc (servicio),2024-05-01 00:00:00,17736,14081161
FUAS-Mineduc (servicio),2024-06-01 00:00:00,12989,14081161
FUAS-Mineduc (servicio),2024-07-01 00:00:00,10238,14081161
FUAS-Mineduc (servicio),2024-08-01 00:00:00,13703,14081161
FUAS-Mineduc (servicio),2024-09-01 00:00:00,14787,14081161
FUAS-Mineduc (servicio),2024-10-01 00:00:00,227832,14081161
FUAS-Mineduc (servicio),2024-11-01 00:00:00,37894,14081161
FUAS-Mineduc (servicio),2024-12-01 00:00:00,40966,14081161
FUAS-Mineduc (servicio),2025-01-01 00:00:00,40972,14081161
FUAS-Mineduc (servicio),2025-02-01 00:00:00,81618,14081161
FUAS-Mineduc (servicio),2025-03-01 00:00:00,100265,14081161
FUAS-Mineduc (servicio),2025-04-01 00:00:00,15828,14081161
FUAS-Mineduc (servicio),2025-05-01 00:00:00,22393,14081161
FUAS-Mineduc (servicio),2025-06-01 00:00:00,16214,14081161
FUAS-Mineduc (servicio),2025-07-01 00:00:00,14303,14081161
FUAS-Mineduc (servicio),2025-08-01 00:00:00,15961,14081161
FUAS-Mineduc (servicio),2025-09-01 00:00:00,16133,14081161
FUAS-Mineduc (servicio),2025-10-01 00:00:00,238783,14081161
FUAS-Mineduc (servicio),2025-11-01 00:00:00,39506,14081161
FUAS-Mineduc (servicio),2025-12-01 00:00:00,30986,14081161
Ministerio Público,2024-01-01 00:00:00,64709,14081161
Ministerio Público,2024-02-01 00:00:00,60014,14081161
Ministerio Público,2024-03-01 00:00:00,66923,14081161
Ministerio Público,2024-04-01 00:00:00,70591,14081161
Ministerio Público,2024-05-01 00:00:00,68834,14081161
Ministerio Público,2024-06-01 00:00:00,70543,14081161
Ministerio Público,2024-07-01 00:00:00,82960,14081161
Ministerio Público,2024-08-01 00:00:00,77400,14081161
Ministerio Público,2024-09-01 00:00:00,75039,14081161
Ministerio Público,2024-10-01 00:00:00,89579,14081161
Ministerio Público,2024-11-01 00:00:00,92913,14081161
Ministerio Público,2024-12-01 00:00:00,88554,14081161
Ministerio Público,2025-01-01 00:00:00,100324,14081161
Ministerio Público,2025-02-01 00:00:00,93970,14081161
Ministerio Público,2025-03-01 00:00:00,111780,14081161
Ministerio Público,2025-04-01 00:00:00,117995,14081161
Ministerio Público,2025-05-01 00:00:00,119993,14081161
Ministerio Público,2025-06-01 00:00:00,119182,14081161
Ministerio Público,2025-07-01 00:00:00,133259,14081161
Ministerio Público,2025-08-01 00:00:00,128249,14081161
Ministerio Público,2025-09-01 00:00:00,123952,14081161
Ministerio Público,2025-10-01 00:00:00,139137,14081161
Ministerio Público,2025-11-01 00:00:00,133803,14081161
Ministerio Público,2025-12-01 00:00:00,132199,14081161
Poder Judicial,2024-01-01 00:00:00,580896,14081161
Poder Judicial,2024-02-01 00:00:00,540982,14081161
Poder Judicial,2024-03-01 00:00:00,578682,14081161
Poder Judicial,2024-04-01 00:00:00,599961,14081161
Poder Judicial,2024-05-01 00:00:00,590494,14081161
Poder Judicial,2024-06-01 00:00:00,567891,14081161
Poder Judicial,2024-07-01 00:00:00,630806,14081161
Poder Judicial,2024-08-01 00:00:00,601778,14081161
Poder Judicial,2024-09-01 00:00:00,561293,14081161
Poder Judicial,2024-10-01 00:00:00,630231,14081161
Poder Judicial,2024-11-01 00:00:00,605989,14081161
Poder Judicial,2024-12-01 00:00:00,570334,14081161
Poder Judicial,2025-01-01 00:00:00,625405,14081161
Poder Judicial,2025-02-01 00:00:00,570029,14081161
Poder Judicial,2025-03-01 00:00:00,649704,14081161
Poder Judicial,2025-04-01 00:00:00,638313,14081161
Poder Judicial,2025-05-01 00:00:00,638278,14081161
Poder Judicial,2025-06-01 00:00:00,637982,14081161
Poder Judicial,2025-07-01 00:00:00,687319,14081161
Poder Judicial,2025-08-01 00:00:00,700271,14081161
Poder Judicial,2025-09-01 00:00:00,635618,14081161
Poder Judicial,2025-10-01 00:00:00,670163,14081161
Poder Judicial,2025-11-01 00:00:00,682926,14081161
Poder Judicial,2025-12-01 00:00:00,629314,14081161
Registro Social de Hogares (servicio),2024-01-01 00:00:00,913106,14081161
Registro Social de Hogares (servicio),2024-02-01 00:00:00,712789,14081161
Registro Social de Hogares (servicio),2024-03-01 00:00:00,951747,14081161
Registro Social de Hogares (servicio),2024-04-01 00:00:00,841698,14081161
Registro Social de Hogares (servicio),2024-05-01 00:00:00,772454,14081161
Registro Social de Hogares (servicio),2024-06-01 00:00:00,919548,14081161
Registro Social de Hogares (servicio),2024-07-01 00:00:00,1660252,14081161
Registro Social de Hogares (servicio),2024-08-01 00:00:00,870299,14081161
Registro Social de Hogares (servicio),2024-09-01 00:00:00,762743,14081161
Registro Social de Hogares (servicio),2024-10-01 00:00:00,1171076,14081161
Registro Social de Hogares (servicio),2024-11-01 00:00:00,781067,14081161
Registro Social de Hogares (servicio),2024-12-01 00:00:00,740330,14081161
Registro Social de Hogares (servicio),2025-01-01 00:00:00,1124324,14081161
Registro Social de Hogares (servicio),2025-02-01 00:00:00,780772,14081161
Registro Social de Hogares (servicio),2025-03-01 00:00:00,1169564,14081161
Registro Social de Hogares (servicio),2025-04-01 00:00:00,845320,14081161
Registro Social de Hogares (servicio),2025-05-01 00:00:00,515233,14081161
Registro Social de Hogares (servicio),2025-06-01 00:00:00,36669,14081161
Registro Social de Hogares (servicio),2025-07-01 00:00:00,906,14081161
Registro Social de Hogares (servicio),2025-08-01 00:00:00,984,14081161
Registro Social de Hogares (servicio),2025-09-01 00:00:00,493,14081161
Registro Social de Hogares (servicio),2025-10-01 00:00:00,605,14081161
Registro Social de Hogares (servicio),2025-11-01 00:00:00,325,14081161
Registro Social de Hogares (servicio),2025-12-01 00:00:00,256,14081161
Servicio de Impuestos Internos,2024-01-01 00:00:00,610351,14081161
Servicio de Impuestos Internos,2024-02-01 00:00:00,598071,14081161
Servicio de Impuestos Internos,2024-03-01 00:00:00,1079102,14081161
Servicio de Impuestos Internos,2024-04-01 00:00:00,2810904,14081161
Servicio de Impuestos Internos,2024-05-01 00:00:00,1113608,14081161
Servicio de Impuestos Internos,2024-06-01 00:00:00,724173,14081161
Servicio de Impuestos Internos,2024-07-01 00:00:00,712705,14081161
Servicio de Impuestos Internos,2024-08-01 00:00:00,650704,14081161
Servicio de Impuestos Internos,2024-09-01 00:00:00,677485,14081161
Servicio de Impuestos Internos,2024-10-01 00:00:00,751843,14081161
Servicio de Impuestos Internos,2024-11-01 00:00:00,717466,14081161
Servicio de Impuestos Internos,2024-12-01 00:00:00,703714,14081161
Servicio de Impuestos Internos,2025-01-01 00:00:00,774841,14081161
Servicio de Impuestos Internos,2025-02-01 00:00:00,650884,14081161
Servicio de Impuestos Internos,2025-03-01 00:00:00,1150097,14081161
Servicio de Impuestos Internos,2025-04-01 00:00:00,3024967,14081161
Servicio de Impuestos Internos,2025-05-01 00:00:00,1190130,14081161
Servicio de Impuestos Internos,2025-06-01 00:00:00,738241,14081161
Servicio de Impuestos Internos,2025-07-01 00:00:00,736072,14081161
Servicio de Impuestos Internos,2025-08-01 00:00:00,703947,14081161
Servicio de Impuestos Internos,2025-09-01 00:00:00,691177,14081161
Servicio de Impuestos Internos,2025-10-01 00:00:00,714203,14081161
Servicio de Impuestos Internos,2025-11-01 00:00:00,1019077,14081161
Servicio de Impuestos Internos,2025-12-01 00:00:00,734340,14081161
Ventanilla Única Social (servicio),2025-01-01 00:00:00,2,14081161
Ventanilla Única Social (servicio),2025-05-01 00:00:00,524778,14081161
Ventanilla Única Social (servicio),2025-06-01 00:00:00,1004369,14081161
Ventanilla Única Social (servicio),2025-07-01 00:00:00,1305667,14081161
Ventanilla Única Social (servicio),2025-08-01 00:00:00,908948,14081161
Ventanilla Única Social (servicio),2025-09-01 00:00:00,758157,14081161
Ventanilla Única Social (servicio),2025-10-01 00:00:00,1017871,14081161
Ventanilla Única Social (servicio),2025-11-01 00:00:00,811190,14081161
Ventanilla Única Social (servicio),2025-12-01 00:00:00,958782,14081161
