institucion,marginal,n_total
SERVICIO DE REGISTRO CIVIL E IDENTIFICACION,9820357,14081161
SERVICIO DE IMPUESTOS INTERNOS,7051586,14081161
SECRETARIA DE GOBIERNO DIGITAL,6538590,14081161
MINISTERIO DE DESARROLLO SOCIAL Y FAMILIA,6365083,14081161
FONDO NACIONAL DE SALUD,6335323,14081161
SUBSECRETARIA DE EVALUACION SOCIAL,6125255,14081161
SOCIEDAD ADMINISTRADORA DE FONDOS DE CESANTIA DE CHILE S.A.,5338951,14081161
INSTITUTO DE PREVISION SOCIAL,4931820,14081161
COMISION PARA EL MERCADO FINANCIERO,4329895,14081161
SERVICIO NACIONAL DE CAPACITACION Y EMPLEO,3266962,14081161
PODER JUDICIAL,3246394,14081161
DIRECCION DEL TRABAJO,3044807,14081161
CARABINEROS DE CHILE,2539510,14081161
SERVICIO ELECTORAL,2457449,14081161
SUBSECRETARIA DE SALUD PUBLICA,2300001,14081161
E-CERT CHILE,2215992,14081161
SERVICIO DE TESORERIAS,1972259,14081161
SERVICIO NACIONAL DEL CONSUMIDOR,1559207,14081161
SUBSECRETARIA DE ENERGIA,1517217,14081161
SUBSECRETARIA DE TRANSPORTES,1447843,14081161
SUBSECRETARIA DE REDES ASISTENCIALES,1442522,14081161
SUPERINTENDENCIA DE SEGURIDAD SOCIAL,1395422,14081161
BPO ADVISORS SPA,1362270,14081161
E-SIGN S.A.,1305546,14081161
SUBSECRETARIA DE EDUCACION,1287858,14081161
SUBSECRETARIA DEL TRABAJO,1252817,14081161
SERVICIO AGRICOLA Y GANADERO,1248989,14081161
SUBSECRETARIA DE VIVIENDA Y URBANISMO,1194254,14081161
MINISTERIO PUBLICO,1019668,14081161
SUBSECRETARIA DE ECONOMIA Y EMPRESAS DE MENOR TAMANO,996716,14081161
ACEPTA.COM S.A.,854883,14081161
DIRECCION NACIONAL DEL SERVICIO CIVIL,737238,14081161
SUBSECRETARIA DE JUSTICIA,733737,14081161
COMISION ADMINISTRADORA DEL SISTEMA DE CREDITOS PARA ESTUDIOS SUPERIORES,718630,14081161
DIRECCION GENERAL DE MOVILIZACION NACIONAL,702113,14081161
SERVICIO NACIONAL DEL PATRIMONIO CULTURAL,554381,14081161
DIRECCION DE COMPRAS Y CONTRATACION PUBLICA,542520,14081161
FONDO DE SOLIDARIDAD E INVERSION SOCIAL,488914,14081161
SUPERINTENDENCIA DE SALUD,456242,14081161
CORPORACION NACIONAL DE DESARROLLO INDIGENA,438899,14081161
CONTRALORIA GENERAL DE LA REPUBLICA,424886,14081161
SUBSECRETARIA DE DESARROLLO REGIONAL Y ADMINISTRATIVO,378710,14081161
MINISTERIO DE SALUD,350242,14081161
SERVICIO DE COOPERACION TECNICA,343002,14081161
MINISTERIO DE EDUCACION,278205,14081161
AFP UNO,275210,14081161
SUPERINTENDENCIA DE PENSIONES,264497,14081161
DEFENSORIA PENAL PUBLICA,250764,14081161
SUPERINTENDENCIA DE ELECTRICIDAD Y COMBUSTIBLES,240378,14081161
INSTITUTO DE SEGURIDAD LABORAL,226514,14081161
CAJA DE PREVISION DE LA DEFENSA NACIONAL,222671,14081161
UNIVERSIDAD DE LA FRONTERA,201482,14081161
MUNICIPALIDAD DE PUENTE ALTO,169197,14081161
SUBSECRETARIA DE SERVICIOS SOCIALES,168968,14081161
INSTITUTO NACIONAL DE PROPIEDAD INDUSTRIAL,161819,14081161
SUBSECRETARIA GENERAL DE LA PRESIDENCIA DE LA REPUBLICA,157116,14081161
SERVICIO DE SALUD METROPOLITANO SUR ORIENTE,145494,14081161
UNIVERSIDAD DE CHILE,144841,14081161
SUPERINTENDENCIA DE INSOLVENCIA Y REEMPRENDIMIENTO,144777,14081161
SERVICIO DE SALUD MAULE,142695,14081161
CORPORACION DE ASISTENCIA JUDICIAL DE LA REGION METROPOLITANA,139050,14081161
DIRECCION DE PREVISION DE CARABINEROS DE CHILE,131194,14081161
GENDARMERIA DE CHILE,119626,14081161
MUNICIPALIDAD DE LA FLORIDA,119238,14081161
MUNICIPALIDAD DE SANTIAGO,109655,14081161
DIRECCION GENERAL DEL TERRITORIO MARITIMO Y DE MARINA MERCANTE,103106,14081161
SERVICIO NACIONAL DE ADUANAS,102565,14081161
SUBSECRETARIA DE TELECOMUNICACIONES,99831,14081161
SERVICIO NACIONAL DE PESCA Y ACUICULTURA,95903,14081161
CONSEJO NACIONAL DE TELEVISION,89709,14081161
SUPERINTENDENCIA DE EDUCACION,85772,14081161
MINISTERIO DE TRANSPORTES Y TELECOMUNICACIONES,83823,14081161
MUNICIPALIDAD DE PROVIDENCIA,81617,14081161
SUBSECRETARIA GENERAL DE GOBIERNO,80788,14081161
SUBSECRETARIA DEL INTERIOR,75575,14081161
MUNICIPALIDAD DE LOS ANGELES,75393,14081161
COMISION PARA LA INTEGRIDAD PUBLICA Y TRANSPARENCIA,74897,14081161
INSTITUTO DE DESARROLLO AGROPECUARIO,74533,14081161
POLICIA DE INVESTIGACIONES DE CHILE,74238,14081161
MUNICIPALIDAD DE LAS CONDES,71183,14081161
CORPORACION DE FOMENTO DE LA PRODUCCION,69677,14081161
"MINISTERIO DE LAS CULTURAS, LAS ARTES Y EL PATRIMONIO",67471,14081161
EJERCITO DE CHILE,64725,14081161
SERVICIO DE SALUD ARICA Y PARINACOTA,63389,14081161
SERVICIO DE EVALUACION AMBIENTAL,59276,14081161
PRESIDENCIA DE LA REPUBLICA,58969,14081161
MINISTERIO DEL MEDIO AMBIENTE,57834,14081161
INSTITUTO NACIONAL DE ESTADISTICAS,52630,14081161
SANIDAD NAVAL DE LA ARMADA DE CHILE,51956,14081161
INSTITUTO NACIONAL DE LA JUVENTUD,51205,14081161
SUBSECRETARIA DE HACIENDA,49783,14081161
SERVICIO DE SALUD ARAUCANIA SUR,49657,14081161
SUBSECRETARIA DE PREVISION SOCIAL,48279,14081161
SUBSECRETARIA DE DERECHOS HUMANOS,47724,14081161
E-DIGITAL PKI SPA.,41878,14081161
SERVICIO NACIONAL PARA LA PREVENCION Y REHABILITACION DEL CONSUMO DE DROGAS Y ALCOHOL,37538,14081161
MUNICIPALIDAD DE NUNOA,35167,14081161
SERVICIO NACIONAL DE LA DISCAPACIDAD,34312,14081161
JUNTA NACIONAL DE JARDINES INFANTILES,33697,14081161
MUNICIPALIDAD DE PENALOLEN,33282,14081161
SERVICIO DE SALUD TARAPACA,32878,14081161
SERVICIO DE SALUD NUBLE,31627,14081161
DIRECCION GENERAL DE AGUAS,31459,14081161
SERVICIO DE SALUD METROPOLITANO ORIENTE,31446,14081161
DIRECCION GENERAL DE AERONAUTICA CIVIL,31437,14081161
INSTITUTO DE SALUD PUBLICA DE CHILE,31230,14081161
UNIVERSIDAD DE SANTIAGO DE CHILE,29984,14081161
CERTIFICADORA DEL SUR,28321,14081161
SUBSECRETARIA DE BIENES NACIONALES,27711,14081161
SUPERINTENDENCIA DEL MEDIO AMBIENTE,27070,14081161
MUNICIPALIDAD DE VALPARAISO,26943,14081161
DIRECCION GENERAL DEL CREDITO PRENDARIO,26837,14081161
REDIN,26642,14081161
AFP MODELO,26595,14081161
SUBSECRETARIA DE PREVENCION DEL DELITO,26325,14081161
SERVICIO NACIONAL DE GEOLOGIA Y MINERIA,25871,14081161
MUNICIPALIDAD DE TEMUCO,23637,14081161
SUPERINTENDENCIA DE SERVICIOS SANITARIOS,22998,14081161
THOMAS-SIGNE CHILE S.A,22972,14081161
DIRECCION DE EDUCACION PUBLICA,22950,14081161
CERTINET S.A.,21377,14081161
MUNICIPALIDAD DE LO BARNECHEA,21307,14081161
SUBSECRETARIA PARA LAS FUERZAS ARMADAS,20626,14081161
MUNICIPALIDAD DE COLINA,19630,14081161
SUPERINTENDENCIA DE EDUCACION SUPERIOR,18162,14081161
HOSPITAL REGIONAL DE ARICA Y PARINACOTA DR. JUAN NOE CREVANI,16956,14081161
CENTRAL DE ABASTECIMIENTO DEL SISTEMA NACIONAL DE SERVICIOS DE SALUD,16383,14081161
INSTITUTO NACIONAL DE DEPORTES DE CHILE,16062,14081161
AGENCIA DE CALIDAD DE LA EDUCACION,15983,14081161
MINISTERIO DEL INTERIOR,15827,14081161
SERVICIO DE SALUD LIBERTADOR GENERAL BERNARDO O'HIGGINS,14871,14081161
MUNICIPALIDAD DE VINA DEL MAR,14249,14081161
SERVICIO NACIONAL DEL ADULTO MAYOR,14027,14081161
MUNICIPALIDAD DE QUILICURA,13509,14081161
SERVICIO DE SALUD METROPOLITANO SUR,13505,14081161
HOSPITAL BASE VALDIVIA,13229,14081161
SUBSECRETARIA DE LAS CULTURAS Y LAS ARTES,12626,14081161
MUNICIPALIDAD DE RECOLETA,12352,14081161
MINISTERIO SECRETARIA GENERAL DE GOBIERNO,11887,14081161
MUNICIPALIDAD DE PADRE HURTADO,11778,14081161
CORPORACION DE ASISTENCIA JUDICIAL DE LA REGION DEL BIOBIO,11525,14081161
MUNICIPALIDAD DE PUERTO MONTT,11184,14081161
MUNICIPALIDAD DE VALDIVIA,11115,14081161
HOSPITAL REGIONAL DE TALCA,10873,14081161
SERVICIO NACIONAL DE TURISMO,10071,14081161
DIRECCION GENERAL DE PROMOCION DE EXPORTACIONES,9901,14081161
MUNICIPALIDAD DE LA REINA,9809,14081161
SENADO,9794,14081161
UNIVERSIDAD DE TARAPACA,9678,14081161
AFP CUPRUM,9650,14081161
UNIVERSIDAD DE LOS LAGOS,8961,14081161
MUNICIPALIDAD DE CORONEL,8837,14081161
MUNICIPALIDAD DE COQUIMBO,8801,14081161
SERVICIO DE SALUD ANTOFAGASTA,8537,14081161
MUNICIPALIDAD DE ANTOFAGASTA,7962,14081161
MUNICIPALIDAD DE SAN PEDRO DE LA PAZ,7809,14081161
CORPORACION NACIONAL FORESTAL Y DE PROTECCION DE RECURSOS NATURALES RENOVABLES,7761,14081161
COMISION NACIONAL DE RIEGO,7648,14081161
INSTITUCION,7475,14081161
DIRECCION DE CONTABILIDAD Y FINANZAS,7108,14081161
AGENCIA NACIONAL DE CIBERSEGURIDAD,7004,14081161
SUBSECRETARIA DE RELACIONES EXTERIORES,6579,14081161
MUNICIPALIDAD DE CURICO,6375,14081161
TRIBUNAL CONSTITUCIONAL DE CHILE,6282,14081161
MINISTERIO DE BIENES NACIONALES,6172,14081161
SUBSECRETARIA DE OBRAS PUBLICAS,6082,14081161
SERVICIO DE SALUD MAGALLANES,6033,14081161
E-PROCESS,6020,14081161
CONSEJO DE DEFENSA DEL ESTADO,6010,14081161
SUBSECRETARIA DEL DEPORTE,5998,14081161
GOBIERNO REGIONAL DE LA REGION DE LOS LAGOS,5951,14081161
SERVICIO DE SALUD COQUIMBO,5926,14081161
UNIDAD ADMINISTRADORA DE LOS TRIBUNALES TRIBUTARIOS Y ADUANEROS,5896,14081161
DOCDIGITAL,5700,14081161
UNIVERSIDAD DEL BIOBIO,5539,14081161
MUNICIPALIDAD DE SAN CLEMENTE,5501,14081161
SERVICIO DE SALUD BIOBIO,5416,14081161
MUNICIPALIDAD DE MAIPU,5180,14081161
UNIDAD DE ANALISIS FINANCIERO,5137,14081161
CENTRO DE REFERENCIA DE SALUD DE PENALOLEN CORDILLERA ORIENTE,4795,14081161
SUPERINTENDENCIA DE CASINOS DE JUEGO,4721,14081161
ARMADA DE CHILE,4635,14081161
UNIVERSIDAD DE TALCA,4445,14081161
DIRECCION DE VIALIDAD,4401,14081161
MUNICIPALIDAD DE QUILPUE,4369,14081161
SERVICIO NACIONAL DE LA MUJER Y LA EQUIDAD DE GENERO,4143,14081161
TRIBUNAL DE DEFENSA DE LA LIBRE COMPETENCIA,3994,14081161
GOBIERNO REGIONAL DE LA REGION DE COQUIMBO,3622,14081161
GOBIERNO REGIONAL DE LA REGION AYSEN DEL GENERAL CARLOS IBANEZ DEL CAMPO,3562,14081161
AGENCIA NACIONAL DE INVESTIGACION Y DESARROLLO,3400,14081161
FUERZA AEREA DE CHILE,3398,14081161
SERVICIO DE SALUD AYSEN,3255,14081161
SERVICIO NACIONAL DE PROTECCION ESPECIALIZADA A LA NINEZ Y ADOLESCENCIA,3160,14081161
MUNICIPALIDAD DE PUCON,2874,14081161
MUNICIPALIDAD DE PUNTA ARENAS,2843,14081161
MUNICIPALIDAD DE VITACURA,2836,14081161
SUBSECRETARIA DE EDUCACION PARVULARIA,2820,14081161
MUNICIPALIDAD DE VILLARRICA,2729,14081161
MUNICIPALIDAD DE MULCHEN,2689,14081161
SERVICIO LOCAL DE EDUCACION PUBLICA DE CHINCHORRO,2463,14081161
MUNICIPALIDAD DE ZAPALLAR,2395,14081161
SERVICIO DE SALUD VINA DEL MAR - QUILLOTA,2350,14081161
MUNICIPALIDAD DE TORRES DEL PAINE,2343,14081161
MUNICIPALIDAD DE ANGOL,2337,14081161
DIRECCION DE PRESUPUESTOS,2330,14081161
MINISTERIO DE RELACIONES EXTERIORES,2220,14081161
MUNICIPALIDAD DE PEDRO AGUIRRE CERDA,2178,14081161
GOBIERNO REGIONAL DE LA REGION DE ARICA Y PARINACOTA,2128,14081161
TRIBUNAL CALIFICADOR DE ELECCIONES DE CHILE‎,2084,14081161
DEFENSA CIVIL DE CHILE,2082,14081161
MUNICIPALIDAD DE OSORNO,2081,14081161
MUNICIPALIDAD DE RENGO,2072,14081161
MUNICIPALIDAD DE CABILDO,2027,14081161
SUBSECRETARIA DE PESCA Y ACUICULTURA,1975,14081161
OPTION,1954,14081161
MINISTERIO DE VIVIENDA Y URBANISMO,1893,14081161
CAMARA DE DIPUTADOS DE CHILE,1859,14081161
CENTRO DE FORMACION TECNICA DE LA REGION DE TARAPACA,1661,14081161
MUNICIPALIDAD DE VILLA ALEGRE,1625,14081161
INSTITUTO NACIONAL DE DERECHOS HUMANOS,1538,14081161
MUNICIPALIDAD DE SAN ANTONIO,1534,14081161
PARQUE METROPOLITANO DE SANTIAGO,1508,14081161
MUNICIPALIDAD DE VALLENAR,1406,14081161
MUNICIPALIDAD DE PENAFLOR,1397,14081161
MUNICIPALIDAD DE NAVIDAD,1377,14081161
MUNICIPALIDAD DE PANGUIPULLI,1294,14081161
SERVICIO LOCAL DE EDUCACION PUBLICA DE COLCHAGUA,1290,14081161
MUNICIPALIDAD DE CASTRO,1279,14081161
MUNICIPALIDAD DE SANTO DOMINGO,1271,14081161
ILUSTRE MUNICIPALIDAD DE LAGO RANCO,1256,14081161
UNIVERSIDAD DE ANTOFAGASTA,1250,14081161
SERVICIO NACIONAL DE MENORES,1223,14081161
MUNICIPIOS,1219,14081161
MUNICIPALIDAD DE COYHAIQUE,1058,14081161
SERVICIO LOCAL DE EDUCACION PUBLICA DE ANDALIEN SUR,964,14081161
SERVICIO LOCAL DE EDUCACION PUBLICA DE PUNILLA CORDILLERA,924,14081161
SERVICIO DE SALUD OSORNO,888,14081161
MUNICIPALIDAD DE REQUINOA,859,14081161
MUNICIPALIDAD DE TOME,836,14081161
SEGUNDO TRIBUNAL ELECTORAL REGION METROPOLITANA,827,14081161
SUBSECRETARIA DE LA MUJER Y LA EQUIDAD DE GENERO,817,14081161
SEGUNDO TRIBUNAL AMBIENTAL,805,14081161
MUNICIPALIDAD DE MAULLIN,794,14081161
SUBSECRETARIA DEL PATRIMONIO CULTURAL,768,14081161
ACADEMIA POLITECNICA NAVAL,766,14081161
MUNICIPALIDAD DE LLANQUIHUE,766,14081161
SERVICIO DE SALUD DEL RELONCAVI,763,14081161
TRIBUNAL ELECTORAL REGION DE VALPARAISO,741,14081161
FISCALIA NACIONAL ECONOMICA,729,14081161
SUBSECRETARIA DE MINERIA,725,14081161
COMISION NACIONAL DE ENERGIA,710,14081161
MUNICIPALIDAD DE RIO BUENO,693,14081161
MUNICIPALIDAD DE LOS VILOS,693,14081161
MUNICIPALIDAD DE PELARCO,688,14081161
CORPORACION DE EDUCACION Y SALUD DE LAS CONDES,688,14081161
MUNICIPALIDAD DE PARRAL,684,14081161
PRIMER TRIBUNAL ELECTORAL,656,14081161
UNIVERSIDAD TECNOLOGICA METROPOLITANA,641,14081161
MUNICIPALIDAD DE RENCA,613,14081161
COMISION CHILENA DE ENERGIA NUCLEAR,607,14081161
MINISTERIO DE HACIENDA,591,14081161
TRIBUNAL ELECTORAL REGION DE O’HIGGINS,577,14081161
MUNICIPALIDAD DE HUECHURABA,552,14081161
MUNICIPALIDAD DE SAN JOAQUIN,535,14081161
MUNICIPALIDAD DE LAUTARO,533,14081161
MUNICIPALIDAD DE PITRUFQUEN,522,14081161
TRIBUNAL ELECTORAL REGION DE BIOBIO,518,14081161
MUNICIPALIDAD DE ESTACION CENTRAL,506,14081161
TRIBUNAL ELECTORAL REGION DE MAULE,503,14081161
PRIMER TRIBUNAL AMBIENTAL,487,14081161
MUNICIPALIDAD DE SANTA BARBARA,466,14081161
GOBIERNO REGIONAL DE LA REGION DE ANTOFAGASTA,460,14081161
MUNICIPALIDAD DE PUERTO VARAS,455,14081161
CONSEJO PARA LA TRANSPARENCIA,451,14081161
TERCER TRIBUNAL AMBIENTAL,433,14081161
DIRECCION DE ARQUITECTURA,421,14081161
SERVICIO DE SALUD ATACAMA,420,14081161
GOBIERNO REGIONAL DE LA REGION METROPOLITANA DE SANTIAGO,397,14081161
MINISTERIO SECRETARIA GENERAL DE LA PRESIDENCIA DE LA REPUBLICA,397,14081161
SIMPLE,380,14081161
MUNICIPALIDAD DE SAN FERNANDO,375,14081161
MUNICIPALIDAD DE COIHUECO,374,14081161
AGENCIA DE PROMOCION DE LA INVERSION EXTRANJERA,366,14081161
TRIBUNAL ELECTORAL REGION DE ARICA Y PARINACOTA,361,14081161
MUNICIPALIDAD DE MELIPILLA,360,14081161
TRIBUNAL ELECTORAL REGION DE ANTOFAGASTA,352,14081161
SUBSECRETARIA DE RELACIONES ECONOMICAS INTERNACIONALES,348,14081161
CONSEJO NACIONAL DE EDUCACION,343,14081161
MUNICIPALIDAD DE EL BOSQUE,341,14081161
AGENCIA DE SUSTENTABILIDAD Y CAMBIO CLIMATICO,299,14081161
TRIBUNAL ELECTORAL REGION DE COQUIMBO,297,14081161
HCC CALAMA,277,14081161
MUNICIPALIDAD DE NACIMIENTO,244,14081161
GOBIERNO REGIONAL DE LA REGION DE VALPARAISO,234,14081161
GOBIERNO REGIONAL DE LA REGION DE LA ARAUCANIA,225,14081161
UNIVERSIDAD DE O'HIGGINS,222,14081161
SUBSECRETARIA DEL MEDIO AMBIENTE,222,14081161
MUNICIPALIDAD DE ARICA,220,14081161
MUNICIPALIDAD DE CORRAL,212,14081161
MUNICIPALIDAD DE RENAICO,206,14081161
MUNICIPALIDAD DE CURARREHUE,203,14081161
MUNICIPALIDAD DE TALTAL,202,14081161
MINISTERIO DE ECONOMIA,166,14081161
MUNICIPALIDAD DE SAN PEDRO DE ATACAMA,163,14081161
INSTITUTO ANTARTICO CHILENO,160,14081161
MUNICIPALIDAD DE DONIHUE,154,14081161
TRIBUNAL ELECTORAL REGION DE LOS RIOS,144,14081161
TRIBUNAL ELECTORAL REGIONAL DE TARAPACA,144,14081161
CENTRO DE FORMACION TECNICA DE LA REGION DE VALPARAISO,138,14081161
MUNICIPALIDAD DE EL QUISCO,138,14081161
DIRECCION NACIONAL DE FRONTERAS Y LIMITES DEL ESTADO,133,14081161
JUNTA NACIONAL DE AUXILIO ESCOLAR Y BECAS,132,14081161
MINISTERIO DE ENERGIA,131,14081161
SERVICIO NACIONAL DE MIGRACIONES,131,14081161
MINISTERIO DE OBRAS PUBLICAS,130,14081161
BANCO CENTRAL DE CHILE,127,14081161
MUNICIPALIDAD DE LICANTEN,126,14081161
MUNICIPALIDAD DE RIO CLARO,121,14081161
AGROSEGUROS,114,14081161
UNIVERSIDAD DE LA SERENA,113,14081161
MUNICIPALIDAD DE HUALANE,111,14081161
COMISION CHILENA DEL COBRE,107,14081161
MUNICIPALIDAD DE PINTO,104,14081161
BID-LOCAL,101,14081161
MINISTERIO DE INTERIOR Y SEGURIDAD PUBLICA,93,14081161
MUNICIPALIDAD DE LOTA,92,14081161
MUNICIPALIDAD DE COLLIPULLI,84,14081161
MUNICIPALIDAD DE RANCAGUA,67,14081161
MUNICIPALIDAD DE LOS SAUCES,63,14081161
MICROSYSTEM S.A.,57,14081161
MUNICIPALIDAD DE CERRO NAVIA,45,14081161
MUNICIPALIDAD DE DIEGO DE ALMAGRO,45,14081161
MUNICIPALIDAD DE CURACAVI,39,14081161
MUNICIPALIDAD DE RANQUIL,30,14081161
MUNICIPALIDAD DE PUDAHUEL,29,14081161
EMPRESA NACIONAL DE MINERIA,27,14081161
FARMACIAS AHUMADA,24,14081161
DYNAMICS SE,23,14081161
MUNICIPALIDAD DE SALAMANCA,22,14081161
EMPRESA DE TRANSPORTE DE PASAJEROS METRO S.A.,19,14081161
MUNICIPALIDAD DE CUNCO,18,14081161
COMPLEJO ASISTENCIAL DR. VICTOR RIOS RUIZ,16,14081161
MUNICIPALIDAD DE CHILE CHICO,16,14081161
MUNICIPALIDAD DE CHANCO,15,14081161
MUNICIPALIDAD DE SAN ROSENDO,13,14081161
MUNICIPALIDAD DE PETORCA,10,14081161
BANCO DEL ESTADO DE CHILE,9,14081161
MUNICIPALIDAD DE PORVENIR,9,14081161
FIRMADOX,7,14081161
MUNICIPALIDAD DE CASABLANCA,7,14081161
MUNICIPALIDAD DE MEJILLONES,6,14081161
MUNICIPALIDAD DE PADRE LAS CASAS,6,14081161
"MINISTERIO DE CULTURA, LAS ARTES Y EL PATRIMONIO",5,14081161
MINISTERIO DEL DEPORTE,5,14081161
SUBSECRETARIA DE AGRICULTURA,5,14081161
MUNICIPALIDAD DE TILTIL,5,14081161
CASA DE MONEDA DE CHILE S.A.,5,14081161
SOC. DE COMPUTACION DATASOFT S.A.,4,14081161
MUNICIPALIDAD DE CANETE,4,14081161
OFICINA NACIONAL DE EMERGENCIA,4,14081161
DEPARTAMENTO DE EXTRANJERIA Y MIGRACION,4,14081161
MUNICIPALIDAD DE VICHUQUEN,4,14081161
DA LO MISMO,3,14081161
DIRECCION DE OBRAS HIDRAULICAS,3,14081161
GOBIERNO REGIONAL DE LA REGION DEL MAULE,3,14081161
MUNICIPALIDAD DE NATALES,3,14081161
MUNICIPALIDAD DE NUEVA IMPERIAL,2,14081161
MUNICIPALIDAD DE LA PINTANA,2,14081161
SERVICIO SALUD CHILOE,2,14081161
GOBIERNO REGIONAL DE LA REGION ATACAMA,2,14081161
MUNICIPALIDAD DE EMPEDRADO,2,14081161
SUBSECRETARIA DE TURISMO,2,14081161
MUNICIPALIDAD DE CURACAUTIN,2,14081161
SERVICIO LOCAL DE EDUCACION PUBLICA DE VALPARAISO,1,14081161
CUENTA EMPRENDE,1,14081161
